2024-07-25 17:06:26 INFO   Starting ProjectRestaurantsApplication using Java 21.0.3 with PID 12576 (C:\Users\vjelis\IdeaProjects\ProjectRestaurants\build\classes\java\main started by vjelis in C:\Users\vjelis\IdeaProjects\ProjectRestaurants)
2024-07-25 17:06:26 DEBUG  Running with Spring Boot v3.3.0, Spring v6.1.8
2024-07-25 17:06:26 INFO   No active profile set, falling back to 1 default profile: "default"
2024-07-25 17:06:28 INFO   Bootstrapping Spring Data JPA repositories in DEFAULT mode.
2024-07-25 17:06:28 INFO   Finished Spring Data repository scanning in 265 ms. Found 9 JPA repository interfaces.
2024-07-25 17:06:31 INFO   Tomcat initialized with port 8080 (http)
2024-07-25 17:06:31 INFO   Initializing ProtocolHandler ["http-nio-8080"]
2024-07-25 17:06:31 INFO   Starting service [Tomcat]
2024-07-25 17:06:31 INFO   Starting Servlet engine: [Apache Tomcat/10.1.24]
2024-07-25 17:06:31 INFO   Initializing Spring embedded WebApplicationContext
2024-07-25 17:06:31 INFO   Root WebApplicationContext: initialization completed in 4952 ms
2024-07-25 17:06:32 INFO   HikariPool-1 - Starting...
2024-07-25 17:06:32 INFO   HikariPool-1 - Added connection com.mysql.cj.jdbc.ConnectionImpl@2520010e
2024-07-25 17:06:32 INFO   HikariPool-1 - Start completed.
2024-07-25 17:06:34 INFO   Reading from restaurant_db.databasechangelog
2024-07-25 17:06:34 INFO   Database is up to date, no changesets to execute
2024-07-25 17:06:34 INFO   Reading from restaurant_db.databasechangelog
2024-07-25 17:06:34 INFO   UPDATE SUMMARY
2024-07-25 17:06:34 INFO   Run:                          0
2024-07-25 17:06:34 INFO   Previously run:              45
2024-07-25 17:06:34 INFO   Filtered out:                 0
2024-07-25 17:06:34 INFO   -------------------------------
2024-07-25 17:06:34 INFO   Total change sets:           45
2024-07-25 17:06:34 INFO   Update summary generated
2024-07-25 17:06:34 INFO   Successfully released change log lock
2024-07-25 17:06:34 INFO   Command execution complete
2024-07-25 17:06:35 INFO   No LoadTimeWeaver setup: ignoring JPA class transformer
2024-07-25 17:06:37 INFO   Initialized JPA EntityManagerFactory for persistence unit 'default'
2024-07-25 17:06:38 DEBUG  Filter 'jwtAuthenticationFilter' configured for use
2024-07-25 17:06:38 INFO   Hibernate is in classpath; If applicable, HQL parser will be used.
2024-07-25 17:06:40 WARN   spring.jpa.open-in-view is enabled by default. Therefore, database queries may be performed during view rendering. Explicitly configure spring.jpa.open-in-view to disable this warning
2024-07-25 17:06:40 INFO   Global AuthenticationManager configured with AuthenticationProvider bean with name authenticationProvider
2024-07-25 17:06:40 WARN   Global AuthenticationManager configured with an AuthenticationProvider bean. UserDetailsService beans will not be used for username/password login. Consider removing the AuthenticationProvider bean. Alternatively, consider using the UserDetailsService in a manually instantiated DaoAuthenticationProvider.
2024-07-25 17:06:41 INFO   Exposing 3 endpoints beneath base path '/actuator'
2024-07-25 17:06:41 INFO   Will secure any request with [org.springframework.security.web.session.DisableEncodeUrlFilter@651eefb3, org.springframework.security.web.context.request.async.WebAsyncManagerIntegrationFilter@5324647, org.springframework.security.web.context.SecurityContextHolderFilter@3dc86e03, org.springframework.security.web.header.HeaderWriterFilter@1d0868dc, org.springframework.web.filter.CorsFilter@28c076b5, org.springframework.security.web.authentication.logout.LogoutFilter@3c176ee, com.orioninc.ProjectRestaurants.auth.webtoken.JwtAuthenticationFilter$$SpringCGLIB$$0@890196b, org.springframework.security.web.authentication.UsernamePasswordAuthenticationFilter@1c98d788, org.springframework.security.web.authentication.ui.DefaultLoginPageGeneratingFilter@7238072e, org.springframework.security.web.authentication.ui.DefaultLogoutPageGeneratingFilter@223459f, org.springframework.security.web.authentication.www.BasicAuthenticationFilter@63214338, org.springframework.security.web.savedrequest.RequestCacheAwareFilter@74f70a7b, org.springframework.security.web.servletapi.SecurityContextHolderAwareRequestFilter@6b133599, org.springframework.security.web.authentication.AnonymousAuthenticationFilter@10d2411f, org.springframework.security.web.access.ExceptionTranslationFilter@1ce3ddfd, org.springframework.security.web.access.intercept.AuthorizationFilter@bf56981]
2024-07-25 17:06:42 INFO   Starting ProtocolHandler ["http-nio-8080"]
2024-07-25 17:06:42 INFO   Tomcat started on port 8080 (http) with context path '/'
2024-07-25 17:06:42 INFO   Started ProjectRestaurantsApplication in 17.252 seconds (process running for 19.141)
2024-07-25 17:06:59 INFO   Initializing Spring DispatcherServlet 'dispatcherServlet'
2024-07-25 17:06:59 INFO   Initializing Servlet 'dispatcherServlet'
2024-07-25 17:06:59 INFO   Completed initialization in 1 ms
2024-07-25 17:06:59 DEBUG  Exit: com.orioninc.ProjectRestaurants.auth.webtoken.JwtService.extractUsername() with result = admin1
2024-07-25 17:07:00 DEBUG  Exit: com.orioninc.ProjectRestaurants.repository.UserRepository.findByUsername() with result = Optional[com.orioninc.ProjectRestaurants.model.User@528fb17d]
2024-07-25 17:07:00 DEBUG admin1 Exit: com.orioninc.ProjectRestaurants.auth.MyUserDetailsService.loadUserByUsername() with result = com.orioninc.ProjectRestaurants.auth.MyUserDetails@629ed92d
2024-07-25 17:07:00 DEBUG admin1 Exit: com.orioninc.ProjectRestaurants.auth.webtoken.JwtService.isTokenValid() with result = true
2024-07-25 17:07:00 DEBUG admin1 Exit: com.orioninc.ProjectRestaurants.DTO.restaurant.RestaurantResponseDTOMapper.apply() with result = RestaurantDTO[restaurantName=Santino Moreno, restaurantType=CHEAP]
2024-07-25 17:07:00 DEBUG admin1 Exit: com.orioninc.ProjectRestaurants.DTO.restaurant.RestaurantResponseDTOMapper.apply() with result = RestaurantDTO[restaurantName=Pachamama Dinner Club, restaurantType=MEDIUM]
2024-07-25 17:07:00 DEBUG admin1 Exit: com.orioninc.ProjectRestaurants.DTO.restaurant.RestaurantResponseDTOMapper.apply() with result = RestaurantDTO[restaurantName=Amandus, restaurantType=ELITE]
2024-07-25 17:07:00 DEBUG admin1 Exit: com.orioninc.ProjectRestaurants.service.implementation.RestaurantServiceImpl.getAllRestaurants() with result = [RestaurantDTO[restaurantName=Santino Moreno, restaurantType=CHEAP], RestaurantDTO[restaurantName=Pachamama Dinner Club, restaurantType=MEDIUM], RestaurantDTO[restaurantName=Amandus, restaurantType=ELITE]]
2024-07-25 17:08:30 INFO   Starting ProjectRestaurantsApplication using Java 21.0.3 with PID 3776 (C:\Users\vjelis\IdeaProjects\ProjectRestaurants\build\classes\java\main started by vjelis in C:\Users\vjelis\IdeaProjects\ProjectRestaurants)
2024-07-25 17:08:30 DEBUG  Running with Spring Boot v3.3.0, Spring v6.1.8
2024-07-25 17:08:30 INFO   No active profile set, falling back to 1 default profile: "default"
2024-07-25 17:08:32 INFO   Bootstrapping Spring Data JPA repositories in DEFAULT mode.
2024-07-25 17:08:33 INFO   Finished Spring Data repository scanning in 242 ms. Found 9 JPA repository interfaces.
2024-07-25 17:08:34 INFO   Tomcat initialized with port 8080 (http)
2024-07-25 17:08:34 INFO   Initializing ProtocolHandler ["http-nio-8080"]
2024-07-25 17:08:34 INFO   Starting service [Tomcat]
2024-07-25 17:08:34 INFO   Starting Servlet engine: [Apache Tomcat/10.1.24]
2024-07-25 17:08:35 INFO   Initializing Spring embedded WebApplicationContext
2024-07-25 17:08:35 INFO   Root WebApplicationContext: initialization completed in 4378 ms
2024-07-25 17:08:36 INFO   HikariPool-1 - Starting...
2024-07-25 17:08:36 INFO   HikariPool-1 - Added connection com.mysql.cj.jdbc.ConnectionImpl@4d79d187
2024-07-25 17:08:36 INFO   HikariPool-1 - Start completed.
2024-07-25 17:08:38 INFO   Reading from restaurant_db.databasechangelog
2024-07-25 17:08:38 INFO   Database is up to date, no changesets to execute
2024-07-25 17:08:38 INFO   Reading from restaurant_db.databasechangelog
2024-07-25 17:08:38 INFO   UPDATE SUMMARY
2024-07-25 17:08:38 INFO   Run:                          0
2024-07-25 17:08:38 INFO   Previously run:              45
2024-07-25 17:08:38 INFO   Filtered out:                 0
2024-07-25 17:08:38 INFO   -------------------------------
2024-07-25 17:08:38 INFO   Total change sets:           45
2024-07-25 17:08:38 INFO   Update summary generated
2024-07-25 17:08:38 INFO   Successfully released change log lock
2024-07-25 17:08:38 INFO   Command execution complete
2024-07-25 17:08:39 INFO   No LoadTimeWeaver setup: ignoring JPA class transformer
2024-07-25 17:08:41 INFO   Initialized JPA EntityManagerFactory for persistence unit 'default'
2024-07-25 17:08:42 DEBUG  Filter 'jwtAuthenticationFilter' configured for use
2024-07-25 17:08:42 INFO   Hibernate is in classpath; If applicable, HQL parser will be used.
2024-07-25 17:08:44 WARN   spring.jpa.open-in-view is enabled by default. Therefore, database queries may be performed during view rendering. Explicitly configure spring.jpa.open-in-view to disable this warning
2024-07-25 17:08:44 INFO   Global AuthenticationManager configured with AuthenticationProvider bean with name authenticationProvider
2024-07-25 17:08:44 WARN   Global AuthenticationManager configured with an AuthenticationProvider bean. UserDetailsService beans will not be used for username/password login. Consider removing the AuthenticationProvider bean. Alternatively, consider using the UserDetailsService in a manually instantiated DaoAuthenticationProvider.
2024-07-25 17:08:45 INFO   Exposing 3 endpoints beneath base path '/actuator'
2024-07-25 17:08:45 INFO   Will secure any request with [org.springframework.security.web.session.DisableEncodeUrlFilter@2f152472, org.springframework.security.web.context.request.async.WebAsyncManagerIntegrationFilter@3e94fc76, org.springframework.security.web.context.SecurityContextHolderFilter@2d3f6e6, org.springframework.security.web.header.HeaderWriterFilter@24f89b6b, org.springframework.web.filter.CorsFilter@469b55ae, org.springframework.security.web.authentication.logout.LogoutFilter@176630ee, com.orioninc.ProjectRestaurants.auth.webtoken.JwtAuthenticationFilter$$SpringCGLIB$$0@62509b77, org.springframework.security.web.authentication.UsernamePasswordAuthenticationFilter@44cefd71, org.springframework.security.web.authentication.ui.DefaultLoginPageGeneratingFilter@56101f06, org.springframework.security.web.authentication.ui.DefaultLogoutPageGeneratingFilter@2e145f7b, org.springframework.security.web.authentication.www.BasicAuthenticationFilter@59c68ed3, org.springframework.security.web.savedrequest.RequestCacheAwareFilter@f829512, org.springframework.security.web.servletapi.SecurityContextHolderAwareRequestFilter@154b5e43, org.springframework.security.web.authentication.AnonymousAuthenticationFilter@28a4d87f, org.springframework.security.web.access.ExceptionTranslationFilter@6ee0bfee, org.springframework.security.web.access.intercept.AuthorizationFilter@239678d]
2024-07-25 17:08:46 INFO   Starting ProtocolHandler ["http-nio-8080"]
2024-07-25 17:08:46 INFO   Tomcat started on port 8080 (http) with context path '/'
2024-07-25 17:08:46 INFO   Started ProjectRestaurantsApplication in 16.44 seconds (process running for 17.889)
2024-07-25 17:08:47 INFO   Initializing Spring DispatcherServlet 'dispatcherServlet'
2024-07-25 17:08:47 INFO   Initializing Servlet 'dispatcherServlet'
2024-07-25 17:08:47 INFO   Completed initialization in 2 ms
2024-07-25 17:08:47 DEBUG  Exit: com.orioninc.ProjectRestaurants.auth.webtoken.JwtService.extractUsername() with result = admin1
2024-07-25 17:08:48 DEBUG  Exit: com.orioninc.ProjectRestaurants.repository.UserRepository.findByUsername() with result = Optional[com.orioninc.ProjectRestaurants.model.User@35bbc44a]
2024-07-25 17:08:48 DEBUG admin1 Exit: com.orioninc.ProjectRestaurants.auth.MyUserDetailsService.loadUserByUsername() with result = com.orioninc.ProjectRestaurants.auth.MyUserDetails@32a40ad1
2024-07-25 17:08:48 DEBUG admin1 Exit: com.orioninc.ProjectRestaurants.auth.webtoken.JwtService.isTokenValid() with result = true
2024-07-25 17:08:48 DEBUG admin1 Exit: com.orioninc.ProjectRestaurants.DTO.restaurant.RestaurantResponseDTOMapper.apply() with result = RestaurantDTO[restaurantName=Santino Moreno, restaurantType=CHEAP]
2024-07-25 17:08:48 DEBUG admin1 Exit: com.orioninc.ProjectRestaurants.DTO.restaurant.RestaurantResponseDTOMapper.apply() with result = RestaurantDTO[restaurantName=Pachamama Dinner Club, restaurantType=MEDIUM]
2024-07-25 17:08:48 DEBUG admin1 Exit: com.orioninc.ProjectRestaurants.DTO.restaurant.RestaurantResponseDTOMapper.apply() with result = RestaurantDTO[restaurantName=Amandus, restaurantType=ELITE]
2024-07-25 17:08:48 DEBUG admin1 Exit: com.orioninc.ProjectRestaurants.service.implementation.RestaurantServiceImpl.getAllRestaurants() with result = [RestaurantDTO[restaurantName=Santino Moreno, restaurantType=CHEAP], RestaurantDTO[restaurantName=Pachamama Dinner Club, restaurantType=MEDIUM], RestaurantDTO[restaurantName=Amandus, restaurantType=ELITE]]
2024-07-25 17:16:21 INFO   Starting ProjectRestaurantsApplication using Java 21.0.3 with PID 4728 (C:\Users\vjelis\IdeaProjects\ProjectRestaurants\build\classes\java\main started by vjelis in C:\Users\vjelis\IdeaProjects\ProjectRestaurants)
2024-07-25 17:16:21 DEBUG  Running with Spring Boot v3.3.0, Spring v6.1.8
2024-07-25 17:16:21 INFO   No active profile set, falling back to 1 default profile: "default"
2024-07-25 17:16:23 INFO   Bootstrapping Spring Data JPA repositories in DEFAULT mode.
2024-07-25 17:16:23 INFO   Finished Spring Data repository scanning in 234 ms. Found 9 JPA repository interfaces.
2024-07-25 17:16:25 INFO   Tomcat initialized with port 8080 (http)
2024-07-25 17:16:25 INFO   Initializing ProtocolHandler ["http-nio-8080"]
2024-07-25 17:16:25 INFO   Starting service [Tomcat]
2024-07-25 17:16:25 INFO   Starting Servlet engine: [Apache Tomcat/10.1.24]
2024-07-25 17:16:25 INFO   Initializing Spring embedded WebApplicationContext
2024-07-25 17:16:25 INFO   Root WebApplicationContext: initialization completed in 3381 ms
2024-07-25 17:16:26 INFO   HikariPool-1 - Starting...
2024-07-25 17:16:26 INFO   HikariPool-1 - Added connection com.mysql.cj.jdbc.ConnectionImpl@361b3ca6
2024-07-25 17:16:26 INFO   HikariPool-1 - Start completed.
2024-07-25 17:16:27 INFO   Reading from restaurant_db.databasechangelog
2024-07-25 17:16:27 INFO   Database is up to date, no changesets to execute
2024-07-25 17:16:27 INFO   Reading from restaurant_db.databasechangelog
2024-07-25 17:16:27 INFO   UPDATE SUMMARY
2024-07-25 17:16:27 INFO   Run:                          0
2024-07-25 17:16:27 INFO   Previously run:              45
2024-07-25 17:16:27 INFO   Filtered out:                 0
2024-07-25 17:16:27 INFO   -------------------------------
2024-07-25 17:16:27 INFO   Total change sets:           45
2024-07-25 17:16:27 INFO   Update summary generated
2024-07-25 17:16:28 INFO   Successfully released change log lock
2024-07-25 17:16:28 INFO   Command execution complete
2024-07-25 17:16:28 INFO   No LoadTimeWeaver setup: ignoring JPA class transformer
2024-07-25 17:16:30 INFO   Initialized JPA EntityManagerFactory for persistence unit 'default'
2024-07-25 17:16:31 DEBUG  Filter 'jwtAuthenticationFilter' configured for use
2024-07-25 17:16:32 INFO   Hibernate is in classpath; If applicable, HQL parser will be used.
2024-07-25 17:16:33 WARN   spring.jpa.open-in-view is enabled by default. Therefore, database queries may be performed during view rendering. Explicitly configure spring.jpa.open-in-view to disable this warning
2024-07-25 17:16:33 INFO   Global AuthenticationManager configured with AuthenticationProvider bean with name authenticationProvider
2024-07-25 17:16:33 WARN   Global AuthenticationManager configured with an AuthenticationProvider bean. UserDetailsService beans will not be used for username/password login. Consider removing the AuthenticationProvider bean. Alternatively, consider using the UserDetailsService in a manually instantiated DaoAuthenticationProvider.
2024-07-25 17:16:34 INFO   Exposing 3 endpoints beneath base path '/actuator'
2024-07-25 17:16:34 INFO   Will secure any request with [org.springframework.security.web.session.DisableEncodeUrlFilter@5324647, org.springframework.security.web.context.request.async.WebAsyncManagerIntegrationFilter@28c076b5, org.springframework.security.web.context.SecurityContextHolderFilter@5a931ba9, org.springframework.security.web.header.HeaderWriterFilter@7fc91145, org.springframework.web.filter.CorsFilter@223459f, org.springframework.security.web.authentication.logout.LogoutFilter@6a8598e7, com.orioninc.ProjectRestaurants.auth.webtoken.JwtAuthenticationFilter$$SpringCGLIB$$0@c79a727, org.springframework.security.web.authentication.UsernamePasswordAuthenticationFilter@51f1e931, org.springframework.security.web.authentication.ui.DefaultLoginPageGeneratingFilter@2cb6c8a6, org.springframework.security.web.authentication.ui.DefaultLogoutPageGeneratingFilter@10d2411f, org.springframework.security.web.authentication.www.BasicAuthenticationFilter@5eea3f69, org.springframework.security.web.savedrequest.RequestCacheAwareFilter@7bbec1cc, org.springframework.security.web.servletapi.SecurityContextHolderAwareRequestFilter@3829bb5, org.springframework.security.web.authentication.AnonymousAuthenticationFilter@7c53d3c, org.springframework.security.web.access.ExceptionTranslationFilter@e7ecfb9, org.springframework.security.web.access.intercept.AuthorizationFilter@5db9952b]
2024-07-25 17:16:36 INFO   Starting ProtocolHandler ["http-nio-8080"]
2024-07-25 17:16:36 INFO   Tomcat started on port 8080 (http) with context path '/'
2024-07-25 17:16:36 INFO   Started ProjectRestaurantsApplication in 14.752 seconds (process running for 16.15)
2024-07-25 17:16:41 INFO   Initializing Spring DispatcherServlet 'dispatcherServlet'
2024-07-25 17:16:41 INFO   Initializing Servlet 'dispatcherServlet'
2024-07-25 17:16:41 INFO   Completed initialization in 1 ms
2024-07-25 17:16:41 ERROR  Exception in com.orioninc.ProjectRestaurants.auth.webtoken.JwtService.extractUsername() with cause = NULL
2024-07-25 17:16:41 ERROR  Servlet.service() for servlet [dispatcherServlet] in context with path [] threw exception
io.jsonwebtoken.ExpiredJwtException: JWT expired 328784 milliseconds ago at 2024-07-25T14:11:13.000Z. Current time: 2024-07-25T14:16:41.784Z. Allowed clock skew: 0 milliseconds.
	at io.jsonwebtoken.impl.DefaultJwtParser.parse(DefaultJwtParser.java:682) ~[jjwt-impl-0.12.5.jar:0.12.5]
	at io.jsonwebtoken.impl.DefaultJwtParser.parse(DefaultJwtParser.java:362) ~[jjwt-impl-0.12.5.jar:0.12.5]
	at io.jsonwebtoken.impl.DefaultJwtParser.parse(DefaultJwtParser.java:94) ~[jjwt-impl-0.12.5.jar:0.12.5]
	at io.jsonwebtoken.impl.io.AbstractParser.parse(AbstractParser.java:36) ~[jjwt-impl-0.12.5.jar:0.12.5]
	at io.jsonwebtoken.impl.io.AbstractParser.parse(AbstractParser.java:29) ~[jjwt-impl-0.12.5.jar:0.12.5]
	at io.jsonwebtoken.impl.DefaultJwtParser.parseSignedClaims(DefaultJwtParser.java:821) ~[jjwt-impl-0.12.5.jar:0.12.5]
	at com.orioninc.ProjectRestaurants.auth.webtoken.JwtService.getClaims(JwtService.java:59) ~[main/:?]
	at com.orioninc.ProjectRestaurants.auth.webtoken.JwtService.extractUsername(JwtService.java:54) ~[main/:?]
	at java.base/jdk.internal.reflect.DirectMethodHandleAccessor.invoke(DirectMethodHandleAccessor.java:103) ~[?:?]
	at java.base/java.lang.reflect.Method.invoke(Method.java:580) ~[?:?]
	at org.springframework.aop.support.AopUtils.invokeJoinpointUsingReflection(AopUtils.java:354) ~[spring-aop-6.1.8.jar:6.1.8]
	at org.springframework.aop.framework.ReflectiveMethodInvocation.invokeJoinpoint(ReflectiveMethodInvocation.java:196) ~[spring-aop-6.1.8.jar:6.1.8]
	at org.springframework.aop.framework.ReflectiveMethodInvocation.proceed(ReflectiveMethodInvocation.java:163) ~[spring-aop-6.1.8.jar:6.1.8]
	at org.springframework.aop.framework.CglibAopProxy$CglibMethodInvocation.proceed(CglibAopProxy.java:768) ~[spring-aop-6.1.8.jar:6.1.8]
	at org.springframework.aop.aspectj.AspectJAfterThrowingAdvice.invoke(AspectJAfterThrowingAdvice.java:64) ~[spring-aop-6.1.8.jar:6.1.8]
	at org.springframework.aop.framework.ReflectiveMethodInvocation.proceed(ReflectiveMethodInvocation.java:184) ~[spring-aop-6.1.8.jar:6.1.8]
	at org.springframework.aop.framework.CglibAopProxy$CglibMethodInvocation.proceed(CglibAopProxy.java:768) ~[spring-aop-6.1.8.jar:6.1.8]
	at org.springframework.aop.aspectj.MethodInvocationProceedingJoinPoint.proceed(MethodInvocationProceedingJoinPoint.java:89) ~[spring-aop-6.1.8.jar:6.1.8]
	at com.orioninc.ProjectRestaurants.aspect.LoggingAdvice.logAround(LoggingAdvice.java:76) ~[main/:?]
	at java.base/jdk.internal.reflect.DirectMethodHandleAccessor.invoke(DirectMethodHandleAccessor.java:103) ~[?:?]
	at java.base/java.lang.reflect.Method.invoke(Method.java:580) ~[?:?]
	at org.springframework.aop.aspectj.AbstractAspectJAdvice.invokeAdviceMethodWithGivenArgs(AbstractAspectJAdvice.java:637) ~[spring-aop-6.1.8.jar:6.1.8]
	at org.springframework.aop.aspectj.AbstractAspectJAdvice.invokeAdviceMethod(AbstractAspectJAdvice.java:627) ~[spring-aop-6.1.8.jar:6.1.8]
	at org.springframework.aop.aspectj.AspectJAroundAdvice.invoke(AspectJAroundAdvice.java:71) ~[spring-aop-6.1.8.jar:6.1.8]
	at org.springframework.aop.framework.ReflectiveMethodInvocation.proceed(ReflectiveMethodInvocation.java:184) ~[spring-aop-6.1.8.jar:6.1.8]
	at org.springframework.aop.framework.CglibAopProxy$CglibMethodInvocation.proceed(CglibAopProxy.java:768) ~[spring-aop-6.1.8.jar:6.1.8]
	at org.springframework.aop.interceptor.ExposeInvocationInterceptor.invoke(ExposeInvocationInterceptor.java:97) ~[spring-aop-6.1.8.jar:6.1.8]
	at org.springframework.aop.framework.ReflectiveMethodInvocation.proceed(ReflectiveMethodInvocation.java:184) ~[spring-aop-6.1.8.jar:6.1.8]
	at org.springframework.aop.framework.CglibAopProxy$CglibMethodInvocation.proceed(CglibAopProxy.java:768) ~[spring-aop-6.1.8.jar:6.1.8]
	at org.springframework.aop.framework.CglibAopProxy$DynamicAdvisedInterceptor.intercept(CglibAopProxy.java:720) ~[spring-aop-6.1.8.jar:6.1.8]
	at com.orioninc.ProjectRestaurants.auth.webtoken.JwtService$$SpringCGLIB$$0.extractUsername(<generated>) ~[main/:?]
	at com.orioninc.ProjectRestaurants.auth.webtoken.JwtAuthenticationFilter.doFilterInternal(JwtAuthenticationFilter.java:41) ~[main/:?]
	at org.springframework.web.filter.OncePerRequestFilter.doFilter(OncePerRequestFilter.java:116) ~[spring-web-6.1.8.jar:6.1.8]
	at org.springframework.security.web.ObservationFilterChainDecorator$ObservationFilter.wrapFilter(ObservationFilterChainDecorator.java:240) ~[spring-security-web-6.3.0.jar:6.3.0]
	at org.springframework.security.web.ObservationFilterChainDecorator$ObservationFilter.doFilter(ObservationFilterChainDecorator.java:227) ~[spring-security-web-6.3.0.jar:6.3.0]
	at org.springframework.security.web.ObservationFilterChainDecorator$VirtualFilterChain.doFilter(ObservationFilterChainDecorator.java:137) ~[spring-security-web-6.3.0.jar:6.3.0]
	at org.springframework.security.web.authentication.logout.LogoutFilter.doFilter(LogoutFilter.java:107) ~[spring-security-web-6.3.0.jar:6.3.0]
	at org.springframework.security.web.authentication.logout.LogoutFilter.doFilter(LogoutFilter.java:93) ~[spring-security-web-6.3.0.jar:6.3.0]
	at org.springframework.security.web.ObservationFilterChainDecorator$ObservationFilter.wrapFilter(ObservationFilterChainDecorator.java:240) ~[spring-security-web-6.3.0.jar:6.3.0]
	at org.springframework.security.web.ObservationFilterChainDecorator$ObservationFilter.doFilter(ObservationFilterChainDecorator.java:227) ~[spring-security-web-6.3.0.jar:6.3.0]
	at org.springframework.security.web.ObservationFilterChainDecorator$VirtualFilterChain.doFilter(ObservationFilterChainDecorator.java:137) ~[spring-security-web-6.3.0.jar:6.3.0]
	at org.springframework.web.filter.CorsFilter.doFilterInternal(CorsFilter.java:91) ~[spring-web-6.1.8.jar:6.1.8]
	at org.springframework.web.filter.OncePerRequestFilter.doFilter(OncePerRequestFilter.java:116) ~[spring-web-6.1.8.jar:6.1.8]
	at org.springframework.security.web.ObservationFilterChainDecorator$ObservationFilter.wrapFilter(ObservationFilterChainDecorator.java:240) ~[spring-security-web-6.3.0.jar:6.3.0]
	at org.springframework.security.web.ObservationFilterChainDecorator$ObservationFilter.doFilter(ObservationFilterChainDecorator.java:227) ~[spring-security-web-6.3.0.jar:6.3.0]
	at org.springframework.security.web.ObservationFilterChainDecorator$VirtualFilterChain.doFilter(ObservationFilterChainDecorator.java:137) ~[spring-security-web-6.3.0.jar:6.3.0]
	at org.springframework.security.web.header.HeaderWriterFilter.doHeadersAfter(HeaderWriterFilter.java:90) ~[spring-security-web-6.3.0.jar:6.3.0]
	at org.springframework.security.web.header.HeaderWriterFilter.doFilterInternal(HeaderWriterFilter.java:75) ~[spring-security-web-6.3.0.jar:6.3.0]
	at org.springframework.web.filter.OncePerRequestFilter.doFilter(OncePerRequestFilter.java:116) ~[spring-web-6.1.8.jar:6.1.8]
	at org.springframework.security.web.ObservationFilterChainDecorator$ObservationFilter.wrapFilter(ObservationFilterChainDecorator.java:240) ~[spring-security-web-6.3.0.jar:6.3.0]
	at org.springframework.security.web.ObservationFilterChainDecorator$ObservationFilter.doFilter(ObservationFilterChainDecorator.java:227) ~[spring-security-web-6.3.0.jar:6.3.0]
	at org.springframework.security.web.ObservationFilterChainDecorator$VirtualFilterChain.doFilter(ObservationFilterChainDecorator.java:137) ~[spring-security-web-6.3.0.jar:6.3.0]
	at org.springframework.security.web.context.SecurityContextHolderFilter.doFilter(SecurityContextHolderFilter.java:82) ~[spring-security-web-6.3.0.jar:6.3.0]
	at org.springframework.security.web.context.SecurityContextHolderFilter.doFilter(SecurityContextHolderFilter.java:69) ~[spring-security-web-6.3.0.jar:6.3.0]
	at org.springframework.security.web.ObservationFilterChainDecorator$ObservationFilter.wrapFilter(ObservationFilterChainDecorator.java:240) ~[spring-security-web-6.3.0.jar:6.3.0]
	at org.springframework.security.web.ObservationFilterChainDecorator$ObservationFilter.doFilter(ObservationFilterChainDecorator.java:227) ~[spring-security-web-6.3.0.jar:6.3.0]
	at org.springframework.security.web.ObservationFilterChainDecorator$VirtualFilterChain.doFilter(ObservationFilterChainDecorator.java:137) ~[spring-security-web-6.3.0.jar:6.3.0]
	at org.springframework.security.web.context.request.async.WebAsyncManagerIntegrationFilter.doFilterInternal(WebAsyncManagerIntegrationFilter.java:62) ~[spring-security-web-6.3.0.jar:6.3.0]
	at org.springframework.web.filter.OncePerRequestFilter.doFilter(OncePerRequestFilter.java:116) ~[spring-web-6.1.8.jar:6.1.8]
	at org.springframework.security.web.ObservationFilterChainDecorator$ObservationFilter.wrapFilter(ObservationFilterChainDecorator.java:240) ~[spring-security-web-6.3.0.jar:6.3.0]
	at org.springframework.security.web.ObservationFilterChainDecorator$ObservationFilter.doFilter(ObservationFilterChainDecorator.java:227) ~[spring-security-web-6.3.0.jar:6.3.0]
	at org.springframework.security.web.ObservationFilterChainDecorator$VirtualFilterChain.doFilter(ObservationFilterChainDecorator.java:137) ~[spring-security-web-6.3.0.jar:6.3.0]
	at org.springframework.security.web.session.DisableEncodeUrlFilter.doFilterInternal(DisableEncodeUrlFilter.java:42) ~[spring-security-web-6.3.0.jar:6.3.0]
	at org.springframework.web.filter.OncePerRequestFilter.doFilter(OncePerRequestFilter.java:116) ~[spring-web-6.1.8.jar:6.1.8]
	at org.springframework.security.web.ObservationFilterChainDecorator$ObservationFilter.wrapFilter(ObservationFilterChainDecorator.java:240) ~[spring-security-web-6.3.0.jar:6.3.0]
	at org.springframework.security.web.ObservationFilterChainDecorator$AroundFilterObservation$SimpleAroundFilterObservation.lambda$wrap$0(ObservationFilterChainDecorator.java:323) ~[spring-security-web-6.3.0.jar:6.3.0]
	at org.springframework.security.web.ObservationFilterChainDecorator$ObservationFilter.doFilter(ObservationFilterChainDecorator.java:224) ~[spring-security-web-6.3.0.jar:6.3.0]
	at org.springframework.security.web.ObservationFilterChainDecorator$VirtualFilterChain.doFilter(ObservationFilterChainDecorator.java:137) ~[spring-security-web-6.3.0.jar:6.3.0]
	at org.springframework.security.web.FilterChainProxy.doFilterInternal(FilterChainProxy.java:233) ~[spring-security-web-6.3.0.jar:6.3.0]
	at org.springframework.security.web.FilterChainProxy.doFilter(FilterChainProxy.java:191) ~[spring-security-web-6.3.0.jar:6.3.0]
	at org.springframework.web.filter.CompositeFilter$VirtualFilterChain.doFilter(CompositeFilter.java:113) ~[spring-web-6.1.8.jar:6.1.8]
	at org.springframework.web.servlet.handler.HandlerMappingIntrospector.lambda$createCacheFilter$3(HandlerMappingIntrospector.java:195) ~[spring-webmvc-6.1.8.jar:6.1.8]
	at org.springframework.web.filter.CompositeFilter$VirtualFilterChain.doFilter(CompositeFilter.java:113) ~[spring-web-6.1.8.jar:6.1.8]
	at org.springframework.web.filter.CompositeFilter.doFilter(CompositeFilter.java:74) ~[spring-web-6.1.8.jar:6.1.8]
	at org.springframework.security.config.annotation.web.configuration.WebMvcSecurityConfiguration$CompositeFilterChainProxy.doFilter(WebMvcSecurityConfiguration.java:230) ~[spring-security-config-6.3.0.jar:6.3.0]
	at org.springframework.web.filter.DelegatingFilterProxy.invokeDelegate(DelegatingFilterProxy.java:352) ~[spring-web-6.1.8.jar:6.1.8]
	at org.springframework.web.filter.DelegatingFilterProxy.doFilter(DelegatingFilterProxy.java:268) ~[spring-web-6.1.8.jar:6.1.8]
	at org.apache.catalina.core.ApplicationFilterChain.internalDoFilter(ApplicationFilterChain.java:164) ~[tomcat-embed-core-10.1.24.jar:10.1.24]
	at org.apache.catalina.core.ApplicationFilterChain.doFilter(ApplicationFilterChain.java:140) ~[tomcat-embed-core-10.1.24.jar:10.1.24]
	at org.springframework.web.filter.RequestContextFilter.doFilterInternal(RequestContextFilter.java:100) ~[spring-web-6.1.8.jar:6.1.8]
	at org.springframework.web.filter.OncePerRequestFilter.doFilter(OncePerRequestFilter.java:116) ~[spring-web-6.1.8.jar:6.1.8]
	at org.apache.catalina.core.ApplicationFilterChain.internalDoFilter(ApplicationFilterChain.java:164) ~[tomcat-embed-core-10.1.24.jar:10.1.24]
	at org.apache.catalina.core.ApplicationFilterChain.doFilter(ApplicationFilterChain.java:140) ~[tomcat-embed-core-10.1.24.jar:10.1.24]
	at org.springframework.web.filter.FormContentFilter.doFilterInternal(FormContentFilter.java:93) ~[spring-web-6.1.8.jar:6.1.8]
	at org.springframework.web.filter.OncePerRequestFilter.doFilter(OncePerRequestFilter.java:116) ~[spring-web-6.1.8.jar:6.1.8]
	at org.apache.catalina.core.ApplicationFilterChain.internalDoFilter(ApplicationFilterChain.java:164) ~[tomcat-embed-core-10.1.24.jar:10.1.24]
	at org.apache.catalina.core.ApplicationFilterChain.doFilter(ApplicationFilterChain.java:140) ~[tomcat-embed-core-10.1.24.jar:10.1.24]
	at org.springframework.web.filter.ServerHttpObservationFilter.doFilterInternal(ServerHttpObservationFilter.java:109) ~[spring-web-6.1.8.jar:6.1.8]
	at org.springframework.web.filter.OncePerRequestFilter.doFilter(OncePerRequestFilter.java:116) ~[spring-web-6.1.8.jar:6.1.8]
	at org.apache.catalina.core.ApplicationFilterChain.internalDoFilter(ApplicationFilterChain.java:164) ~[tomcat-embed-core-10.1.24.jar:10.1.24]
	at org.apache.catalina.core.ApplicationFilterChain.doFilter(ApplicationFilterChain.java:140) ~[tomcat-embed-core-10.1.24.jar:10.1.24]
	at org.springframework.web.filter.CharacterEncodingFilter.doFilterInternal(CharacterEncodingFilter.java:201) ~[spring-web-6.1.8.jar:6.1.8]
	at org.springframework.web.filter.OncePerRequestFilter.doFilter(OncePerRequestFilter.java:116) ~[spring-web-6.1.8.jar:6.1.8]
	at org.apache.catalina.core.ApplicationFilterChain.internalDoFilter(ApplicationFilterChain.java:164) ~[tomcat-embed-core-10.1.24.jar:10.1.24]
	at org.apache.catalina.core.ApplicationFilterChain.doFilter(ApplicationFilterChain.java:140) ~[tomcat-embed-core-10.1.24.jar:10.1.24]
	at org.apache.catalina.core.StandardWrapperValve.invoke(StandardWrapperValve.java:167) ~[tomcat-embed-core-10.1.24.jar:10.1.24]
	at org.apache.catalina.core.StandardContextValve.invoke(StandardContextValve.java:90) ~[tomcat-embed-core-10.1.24.jar:10.1.24]
	at org.apache.catalina.authenticator.AuthenticatorBase.invoke(AuthenticatorBase.java:482) ~[tomcat-embed-core-10.1.24.jar:10.1.24]
	at org.apache.catalina.core.StandardHostValve.invoke(StandardHostValve.java:115) ~[tomcat-embed-core-10.1.24.jar:10.1.24]
	at org.apache.catalina.valves.ErrorReportValve.invoke(ErrorReportValve.java:93) ~[tomcat-embed-core-10.1.24.jar:10.1.24]
	at org.apache.catalina.core.StandardEngineValve.invoke(StandardEngineValve.java:74) ~[tomcat-embed-core-10.1.24.jar:10.1.24]
	at org.apache.catalina.connector.CoyoteAdapter.service(CoyoteAdapter.java:344) ~[tomcat-embed-core-10.1.24.jar:10.1.24]
	at org.apache.coyote.http11.Http11Processor.service(Http11Processor.java:389) ~[tomcat-embed-core-10.1.24.jar:10.1.24]
	at org.apache.coyote.AbstractProcessorLight.process(AbstractProcessorLight.java:63) ~[tomcat-embed-core-10.1.24.jar:10.1.24]
	at org.apache.coyote.AbstractProtocol$ConnectionHandler.process(AbstractProtocol.java:896) ~[tomcat-embed-core-10.1.24.jar:10.1.24]
	at org.apache.tomcat.util.net.NioEndpoint$SocketProcessor.doRun(NioEndpoint.java:1741) ~[tomcat-embed-core-10.1.24.jar:10.1.24]
	at org.apache.tomcat.util.net.SocketProcessorBase.run(SocketProcessorBase.java:52) ~[tomcat-embed-core-10.1.24.jar:10.1.24]
	at org.apache.tomcat.util.threads.ThreadPoolExecutor.runWorker(ThreadPoolExecutor.java:1190) ~[tomcat-embed-core-10.1.24.jar:10.1.24]
	at org.apache.tomcat.util.threads.ThreadPoolExecutor$Worker.run(ThreadPoolExecutor.java:659) ~[tomcat-embed-core-10.1.24.jar:10.1.24]
	at org.apache.tomcat.util.threads.TaskThread$WrappingRunnable.run(TaskThread.java:63) ~[tomcat-embed-core-10.1.24.jar:10.1.24]
	at java.base/java.lang.Thread.run(Thread.java:1583) [?:?]
2024-07-25 17:16:52 DEBUG  Exit: com.orioninc.ProjectRestaurants.repository.UserRepository.findByUsername() with result = Optional[com.orioninc.ProjectRestaurants.model.User@27858c1]
2024-07-25 17:16:52 DEBUG admin1 Exit: com.orioninc.ProjectRestaurants.auth.MyUserDetailsService.loadUserByUsername() with result = com.orioninc.ProjectRestaurants.auth.MyUserDetails@79ab6a68
2024-07-25 17:16:52 DEBUG admin1 Exit: com.orioninc.ProjectRestaurants.repository.UserRepository.findByUsername() with result = Optional[com.orioninc.ProjectRestaurants.model.User@27858c1]
2024-07-25 17:16:52 DEBUG admin1 Exit: com.orioninc.ProjectRestaurants.auth.MyUserDetailsService.loadUserByUsername() with result = com.orioninc.ProjectRestaurants.auth.MyUserDetails@1a3cf361
2024-07-25 17:16:52 DEBUG admin1 Exit: com.orioninc.ProjectRestaurants.auth.webtoken.JwtService.generateToken() with result = eyJhbGciOiJIUzUxMiJ9.eyJpc3MiOiJodHRwOi8vbG9jYWxob3N0OjgwODAvIiwic3ViIjoiYWRtaW4xIiwiaWF0IjoxNzIxOTE3MDEyLCJleHAiOjE3MjE5MTc2MTJ9.6P2I8cBmyCJXuMicsmXSAKz1h3JAPlaOlDwZWZ-nwFOVgvkeFvJoMoRDn9zQwJgyWWpqjCxfvCqQ8CLgSF2l4A
2024-07-25 17:17:01 DEBUG  Exit: com.orioninc.ProjectRestaurants.auth.webtoken.JwtService.extractUsername() with result = admin1
2024-07-25 17:17:01 DEBUG  Exit: com.orioninc.ProjectRestaurants.repository.UserRepository.findByUsername() with result = Optional[com.orioninc.ProjectRestaurants.model.User@433ff472]
2024-07-25 17:17:01 DEBUG admin1 Exit: com.orioninc.ProjectRestaurants.auth.MyUserDetailsService.loadUserByUsername() with result = com.orioninc.ProjectRestaurants.auth.MyUserDetails@5f8b6d4f
2024-07-25 17:17:01 DEBUG admin1 Exit: com.orioninc.ProjectRestaurants.auth.webtoken.JwtService.isTokenValid() with result = true
2024-07-25 17:17:01 DEBUG admin1 Exit: com.orioninc.ProjectRestaurants.DTO.restaurant.RestaurantResponseDTOMapper.apply() with result = RestaurantDTO[restaurantName=Santino Moreno, restaurantType=CHEAP]
2024-07-25 17:17:01 DEBUG admin1 Exit: com.orioninc.ProjectRestaurants.DTO.restaurant.RestaurantResponseDTOMapper.apply() with result = RestaurantDTO[restaurantName=Pachamama Dinner Club, restaurantType=MEDIUM]
2024-07-25 17:17:01 DEBUG admin1 Exit: com.orioninc.ProjectRestaurants.DTO.restaurant.RestaurantResponseDTOMapper.apply() with result = RestaurantDTO[restaurantName=Amandus, restaurantType=ELITE]
2024-07-25 17:17:01 DEBUG admin1 Exit: com.orioninc.ProjectRestaurants.service.implementation.RestaurantServiceImpl.getAllRestaurants() with result = [RestaurantDTO[restaurantName=Santino Moreno, restaurantType=CHEAP], RestaurantDTO[restaurantName=Pachamama Dinner Club, restaurantType=MEDIUM], RestaurantDTO[restaurantName=Amandus, restaurantType=ELITE]]
2024-07-25 17:20:07 INFO   Starting ProjectRestaurantsApplication using Java 21.0.3 with PID 16228 (C:\Users\vjelis\IdeaProjects\ProjectRestaurants\build\classes\java\main started by vjelis in C:\Users\vjelis\IdeaProjects\ProjectRestaurants)
2024-07-25 17:20:07 DEBUG  Running with Spring Boot v3.3.0, Spring v6.1.8
2024-07-25 17:20:07 INFO   No active profile set, falling back to 1 default profile: "default"
2024-07-25 17:20:09 INFO   Bootstrapping Spring Data JPA repositories in DEFAULT mode.
2024-07-25 17:20:09 INFO   Finished Spring Data repository scanning in 223 ms. Found 9 JPA repository interfaces.
2024-07-25 17:20:10 INFO   Tomcat initialized with port 8080 (http)
2024-07-25 17:20:10 INFO   Initializing ProtocolHandler ["http-nio-8080"]
2024-07-25 17:20:10 INFO   Starting service [Tomcat]
2024-07-25 17:20:10 INFO   Starting Servlet engine: [Apache Tomcat/10.1.24]
2024-07-25 17:20:10 INFO   Initializing Spring embedded WebApplicationContext
2024-07-25 17:20:10 INFO   Root WebApplicationContext: initialization completed in 3379 ms
2024-07-25 17:20:11 INFO   HikariPool-1 - Starting...
2024-07-25 17:20:11 INFO   HikariPool-1 - Added connection com.mysql.cj.jdbc.ConnectionImpl@48144f1a
2024-07-25 17:20:11 INFO   HikariPool-1 - Start completed.
2024-07-25 17:20:13 INFO   Reading from restaurant_db.databasechangelog
2024-07-25 17:20:13 INFO   Database is up to date, no changesets to execute
2024-07-25 17:20:13 INFO   Reading from restaurant_db.databasechangelog
2024-07-25 17:20:13 INFO   UPDATE SUMMARY
2024-07-25 17:20:13 INFO   Run:                          0
2024-07-25 17:20:13 INFO   Previously run:              45
2024-07-25 17:20:13 INFO   Filtered out:                 0
2024-07-25 17:20:13 INFO   -------------------------------
2024-07-25 17:20:13 INFO   Total change sets:           45
2024-07-25 17:20:13 INFO   Update summary generated
2024-07-25 17:20:13 INFO   Successfully released change log lock
2024-07-25 17:20:13 INFO   Command execution complete
2024-07-25 17:20:14 INFO   No LoadTimeWeaver setup: ignoring JPA class transformer
2024-07-25 17:20:16 INFO   Initialized JPA EntityManagerFactory for persistence unit 'default'
2024-07-25 17:20:17 DEBUG  Filter 'jwtAuthenticationFilter' configured for use
2024-07-25 17:20:17 INFO   Hibernate is in classpath; If applicable, HQL parser will be used.
2024-07-25 17:20:19 WARN   spring.jpa.open-in-view is enabled by default. Therefore, database queries may be performed during view rendering. Explicitly configure spring.jpa.open-in-view to disable this warning
2024-07-25 17:20:19 INFO   Global AuthenticationManager configured with AuthenticationProvider bean with name authenticationProvider
2024-07-25 17:20:19 WARN   Global AuthenticationManager configured with an AuthenticationProvider bean. UserDetailsService beans will not be used for username/password login. Consider removing the AuthenticationProvider bean. Alternatively, consider using the UserDetailsService in a manually instantiated DaoAuthenticationProvider.
2024-07-25 17:20:20 INFO   Exposing 3 endpoints beneath base path '/actuator'
2024-07-25 17:20:20 INFO   Will secure any request with [org.springframework.security.web.session.DisableEncodeUrlFilter@58d33d5d, org.springframework.security.web.context.request.async.WebAsyncManagerIntegrationFilter@22d9558, org.springframework.security.web.context.SecurityContextHolderFilter@1d0868dc, org.springframework.security.web.header.HeaderWriterFilter@1ce3ddfd, org.springframework.web.filter.CorsFilter@5c4b4c4d, org.springframework.security.web.authentication.logout.LogoutFilter@67988d92, com.orioninc.ProjectRestaurants.auth.webtoken.JwtAuthenticationFilter$$SpringCGLIB$$0@339de67e, org.springframework.security.web.authentication.UsernamePasswordAuthenticationFilter@2de0f3e3, org.springframework.security.web.authentication.ui.DefaultLoginPageGeneratingFilter@6b133599, org.springframework.security.web.authentication.ui.DefaultLogoutPageGeneratingFilter@6342aaab, org.springframework.security.web.authentication.www.BasicAuthenticationFilter@f0ced73, org.springframework.security.web.savedrequest.RequestCacheAwareFilter@368a26dd, org.springframework.security.web.servletapi.SecurityContextHolderAwareRequestFilter@555b43ba, org.springframework.security.web.authentication.AnonymousAuthenticationFilter@223a5a4b, org.springframework.security.web.access.ExceptionTranslationFilter@11757914, org.springframework.security.web.access.intercept.AuthorizationFilter@291a8ecd]
2024-07-25 17:20:21 INFO   Starting ProtocolHandler ["http-nio-8080"]
2024-07-25 17:20:21 INFO   Tomcat started on port 8080 (http) with context path '/'
2024-07-25 17:20:21 INFO   Started ProjectRestaurantsApplication in 14.887 seconds (process running for 16.244)
2024-07-25 17:20:41 INFO   Initializing Spring DispatcherServlet 'dispatcherServlet'
2024-07-25 17:20:41 INFO   Initializing Servlet 'dispatcherServlet'
2024-07-25 17:20:41 INFO   Completed initialization in 1 ms
2024-07-25 17:20:41 DEBUG  Exit: com.orioninc.ProjectRestaurants.auth.webtoken.JwtService.extractUsername() with result = admin1
2024-07-25 17:20:41 DEBUG  Exit: com.orioninc.ProjectRestaurants.repository.UserRepository.findByUsername() with result = Optional[com.orioninc.ProjectRestaurants.model.User@7e97631b]
2024-07-25 17:20:41 DEBUG admin1 Exit: com.orioninc.ProjectRestaurants.auth.MyUserDetailsService.loadUserByUsername() with result = com.orioninc.ProjectRestaurants.auth.MyUserDetails@5e5de85d
2024-07-25 17:20:41 DEBUG admin1 Exit: com.orioninc.ProjectRestaurants.auth.webtoken.JwtService.isTokenValid() with result = true
2024-07-25 17:20:42 DEBUG admin1 Exit: com.orioninc.ProjectRestaurants.DTO.restaurant.RestaurantResponseDTOMapper.apply() with result = RestaurantDTO[restaurantName=Santino Moreno, restaurantType=CHEAP]
2024-07-25 17:20:42 DEBUG admin1 Exit: com.orioninc.ProjectRestaurants.DTO.restaurant.RestaurantResponseDTOMapper.apply() with result = RestaurantDTO[restaurantName=Pachamama Dinner Club, restaurantType=MEDIUM]
2024-07-25 17:20:42 DEBUG admin1 Exit: com.orioninc.ProjectRestaurants.DTO.restaurant.RestaurantResponseDTOMapper.apply() with result = RestaurantDTO[restaurantName=Amandus, restaurantType=ELITE]
2024-07-25 17:20:42 DEBUG admin1 Exit: com.orioninc.ProjectRestaurants.service.implementation.RestaurantServiceImpl.getAllRestaurants() with result = [RestaurantDTO[restaurantName=Santino Moreno, restaurantType=CHEAP], RestaurantDTO[restaurantName=Pachamama Dinner Club, restaurantType=MEDIUM], RestaurantDTO[restaurantName=Amandus, restaurantType=ELITE]]
2024-07-25 17:20:56 ERROR  Exception in com.orioninc.ProjectRestaurants.auth.webtoken.JwtService.extractUsername() with cause = NULL
2024-07-25 17:20:56 ERROR  Servlet.service() for servlet [dispatcherServlet] in context with path [] threw exception
io.jsonwebtoken.security.SignatureException: JWT signature does not match locally computed signature. JWT validity cannot be asserted and should not be trusted.
	at io.jsonwebtoken.impl.DefaultJwtParser.verifySignature(DefaultJwtParser.java:340) ~[jjwt-impl-0.12.5.jar:0.12.5]
	at io.jsonwebtoken.impl.DefaultJwtParser.parse(DefaultJwtParser.java:577) ~[jjwt-impl-0.12.5.jar:0.12.5]
	at io.jsonwebtoken.impl.DefaultJwtParser.parse(DefaultJwtParser.java:362) ~[jjwt-impl-0.12.5.jar:0.12.5]
	at io.jsonwebtoken.impl.DefaultJwtParser.parse(DefaultJwtParser.java:94) ~[jjwt-impl-0.12.5.jar:0.12.5]
	at io.jsonwebtoken.impl.io.AbstractParser.parse(AbstractParser.java:36) ~[jjwt-impl-0.12.5.jar:0.12.5]
	at io.jsonwebtoken.impl.io.AbstractParser.parse(AbstractParser.java:29) ~[jjwt-impl-0.12.5.jar:0.12.5]
	at io.jsonwebtoken.impl.DefaultJwtParser.parseSignedClaims(DefaultJwtParser.java:821) ~[jjwt-impl-0.12.5.jar:0.12.5]
	at com.orioninc.ProjectRestaurants.auth.webtoken.JwtService.getClaims(JwtService.java:59) ~[main/:?]
	at com.orioninc.ProjectRestaurants.auth.webtoken.JwtService.extractUsername(JwtService.java:54) ~[main/:?]
	at java.base/jdk.internal.reflect.DirectMethodHandleAccessor.invoke(DirectMethodHandleAccessor.java:103) ~[?:?]
	at java.base/java.lang.reflect.Method.invoke(Method.java:580) ~[?:?]
	at org.springframework.aop.support.AopUtils.invokeJoinpointUsingReflection(AopUtils.java:354) ~[spring-aop-6.1.8.jar:6.1.8]
	at org.springframework.aop.framework.ReflectiveMethodInvocation.invokeJoinpoint(ReflectiveMethodInvocation.java:196) ~[spring-aop-6.1.8.jar:6.1.8]
	at org.springframework.aop.framework.ReflectiveMethodInvocation.proceed(ReflectiveMethodInvocation.java:163) ~[spring-aop-6.1.8.jar:6.1.8]
	at org.springframework.aop.framework.CglibAopProxy$CglibMethodInvocation.proceed(CglibAopProxy.java:768) ~[spring-aop-6.1.8.jar:6.1.8]
	at org.springframework.aop.aspectj.AspectJAfterThrowingAdvice.invoke(AspectJAfterThrowingAdvice.java:64) ~[spring-aop-6.1.8.jar:6.1.8]
	at org.springframework.aop.framework.ReflectiveMethodInvocation.proceed(ReflectiveMethodInvocation.java:184) ~[spring-aop-6.1.8.jar:6.1.8]
	at org.springframework.aop.framework.CglibAopProxy$CglibMethodInvocation.proceed(CglibAopProxy.java:768) ~[spring-aop-6.1.8.jar:6.1.8]
	at org.springframework.aop.aspectj.MethodInvocationProceedingJoinPoint.proceed(MethodInvocationProceedingJoinPoint.java:89) ~[spring-aop-6.1.8.jar:6.1.8]
	at com.orioninc.ProjectRestaurants.aspect.LoggingAdvice.logAround(LoggingAdvice.java:76) ~[main/:?]
	at java.base/jdk.internal.reflect.DirectMethodHandleAccessor.invoke(DirectMethodHandleAccessor.java:103) ~[?:?]
	at java.base/java.lang.reflect.Method.invoke(Method.java:580) ~[?:?]
	at org.springframework.aop.aspectj.AbstractAspectJAdvice.invokeAdviceMethodWithGivenArgs(AbstractAspectJAdvice.java:637) ~[spring-aop-6.1.8.jar:6.1.8]
	at org.springframework.aop.aspectj.AbstractAspectJAdvice.invokeAdviceMethod(AbstractAspectJAdvice.java:627) ~[spring-aop-6.1.8.jar:6.1.8]
	at org.springframework.aop.aspectj.AspectJAroundAdvice.invoke(AspectJAroundAdvice.java:71) ~[spring-aop-6.1.8.jar:6.1.8]
	at org.springframework.aop.framework.ReflectiveMethodInvocation.proceed(ReflectiveMethodInvocation.java:184) ~[spring-aop-6.1.8.jar:6.1.8]
	at org.springframework.aop.framework.CglibAopProxy$CglibMethodInvocation.proceed(CglibAopProxy.java:768) ~[spring-aop-6.1.8.jar:6.1.8]
	at org.springframework.aop.interceptor.ExposeInvocationInterceptor.invoke(ExposeInvocationInterceptor.java:97) ~[spring-aop-6.1.8.jar:6.1.8]
	at org.springframework.aop.framework.ReflectiveMethodInvocation.proceed(ReflectiveMethodInvocation.java:184) ~[spring-aop-6.1.8.jar:6.1.8]
	at org.springframework.aop.framework.CglibAopProxy$CglibMethodInvocation.proceed(CglibAopProxy.java:768) ~[spring-aop-6.1.8.jar:6.1.8]
	at org.springframework.aop.framework.CglibAopProxy$DynamicAdvisedInterceptor.intercept(CglibAopProxy.java:720) ~[spring-aop-6.1.8.jar:6.1.8]
	at com.orioninc.ProjectRestaurants.auth.webtoken.JwtService$$SpringCGLIB$$0.extractUsername(<generated>) ~[main/:?]
	at com.orioninc.ProjectRestaurants.auth.webtoken.JwtAuthenticationFilter.doFilterInternal(JwtAuthenticationFilter.java:41) ~[main/:?]
	at org.springframework.web.filter.OncePerRequestFilter.doFilter(OncePerRequestFilter.java:116) ~[spring-web-6.1.8.jar:6.1.8]
	at org.springframework.security.web.ObservationFilterChainDecorator$ObservationFilter.wrapFilter(ObservationFilterChainDecorator.java:240) ~[spring-security-web-6.3.0.jar:6.3.0]
	at org.springframework.security.web.ObservationFilterChainDecorator$ObservationFilter.doFilter(ObservationFilterChainDecorator.java:227) ~[spring-security-web-6.3.0.jar:6.3.0]
	at org.springframework.security.web.ObservationFilterChainDecorator$VirtualFilterChain.doFilter(ObservationFilterChainDecorator.java:137) ~[spring-security-web-6.3.0.jar:6.3.0]
	at org.springframework.security.web.authentication.logout.LogoutFilter.doFilter(LogoutFilter.java:107) ~[spring-security-web-6.3.0.jar:6.3.0]
	at org.springframework.security.web.authentication.logout.LogoutFilter.doFilter(LogoutFilter.java:93) ~[spring-security-web-6.3.0.jar:6.3.0]
	at org.springframework.security.web.ObservationFilterChainDecorator$ObservationFilter.wrapFilter(ObservationFilterChainDecorator.java:240) ~[spring-security-web-6.3.0.jar:6.3.0]
	at org.springframework.security.web.ObservationFilterChainDecorator$ObservationFilter.doFilter(ObservationFilterChainDecorator.java:227) ~[spring-security-web-6.3.0.jar:6.3.0]
	at org.springframework.security.web.ObservationFilterChainDecorator$VirtualFilterChain.doFilter(ObservationFilterChainDecorator.java:137) ~[spring-security-web-6.3.0.jar:6.3.0]
	at org.springframework.web.filter.CorsFilter.doFilterInternal(CorsFilter.java:91) ~[spring-web-6.1.8.jar:6.1.8]
	at org.springframework.web.filter.OncePerRequestFilter.doFilter(OncePerRequestFilter.java:116) ~[spring-web-6.1.8.jar:6.1.8]
	at org.springframework.security.web.ObservationFilterChainDecorator$ObservationFilter.wrapFilter(ObservationFilterChainDecorator.java:240) ~[spring-security-web-6.3.0.jar:6.3.0]
	at org.springframework.security.web.ObservationFilterChainDecorator$ObservationFilter.doFilter(ObservationFilterChainDecorator.java:227) ~[spring-security-web-6.3.0.jar:6.3.0]
	at org.springframework.security.web.ObservationFilterChainDecorator$VirtualFilterChain.doFilter(ObservationFilterChainDecorator.java:137) ~[spring-security-web-6.3.0.jar:6.3.0]
	at org.springframework.security.web.header.HeaderWriterFilter.doHeadersAfter(HeaderWriterFilter.java:90) ~[spring-security-web-6.3.0.jar:6.3.0]
	at org.springframework.security.web.header.HeaderWriterFilter.doFilterInternal(HeaderWriterFilter.java:75) ~[spring-security-web-6.3.0.jar:6.3.0]
	at org.springframework.web.filter.OncePerRequestFilter.doFilter(OncePerRequestFilter.java:116) ~[spring-web-6.1.8.jar:6.1.8]
	at org.springframework.security.web.ObservationFilterChainDecorator$ObservationFilter.wrapFilter(ObservationFilterChainDecorator.java:240) ~[spring-security-web-6.3.0.jar:6.3.0]
	at org.springframework.security.web.ObservationFilterChainDecorator$ObservationFilter.doFilter(ObservationFilterChainDecorator.java:227) ~[spring-security-web-6.3.0.jar:6.3.0]
	at org.springframework.security.web.ObservationFilterChainDecorator$VirtualFilterChain.doFilter(ObservationFilterChainDecorator.java:137) ~[spring-security-web-6.3.0.jar:6.3.0]
	at org.springframework.security.web.context.SecurityContextHolderFilter.doFilter(SecurityContextHolderFilter.java:82) ~[spring-security-web-6.3.0.jar:6.3.0]
	at org.springframework.security.web.context.SecurityContextHolderFilter.doFilter(SecurityContextHolderFilter.java:69) ~[spring-security-web-6.3.0.jar:6.3.0]
	at org.springframework.security.web.ObservationFilterChainDecorator$ObservationFilter.wrapFilter(ObservationFilterChainDecorator.java:240) ~[spring-security-web-6.3.0.jar:6.3.0]
	at org.springframework.security.web.ObservationFilterChainDecorator$ObservationFilter.doFilter(ObservationFilterChainDecorator.java:227) ~[spring-security-web-6.3.0.jar:6.3.0]
	at org.springframework.security.web.ObservationFilterChainDecorator$VirtualFilterChain.doFilter(ObservationFilterChainDecorator.java:137) ~[spring-security-web-6.3.0.jar:6.3.0]
	at org.springframework.security.web.context.request.async.WebAsyncManagerIntegrationFilter.doFilterInternal(WebAsyncManagerIntegrationFilter.java:62) ~[spring-security-web-6.3.0.jar:6.3.0]
	at org.springframework.web.filter.OncePerRequestFilter.doFilter(OncePerRequestFilter.java:116) ~[spring-web-6.1.8.jar:6.1.8]
	at org.springframework.security.web.ObservationFilterChainDecorator$ObservationFilter.wrapFilter(ObservationFilterChainDecorator.java:240) ~[spring-security-web-6.3.0.jar:6.3.0]
	at org.springframework.security.web.ObservationFilterChainDecorator$ObservationFilter.doFilter(ObservationFilterChainDecorator.java:227) ~[spring-security-web-6.3.0.jar:6.3.0]
	at org.springframework.security.web.ObservationFilterChainDecorator$VirtualFilterChain.doFilter(ObservationFilterChainDecorator.java:137) ~[spring-security-web-6.3.0.jar:6.3.0]
	at org.springframework.security.web.session.DisableEncodeUrlFilter.doFilterInternal(DisableEncodeUrlFilter.java:42) ~[spring-security-web-6.3.0.jar:6.3.0]
	at org.springframework.web.filter.OncePerRequestFilter.doFilter(OncePerRequestFilter.java:116) ~[spring-web-6.1.8.jar:6.1.8]
	at org.springframework.security.web.ObservationFilterChainDecorator$ObservationFilter.wrapFilter(ObservationFilterChainDecorator.java:240) ~[spring-security-web-6.3.0.jar:6.3.0]
	at org.springframework.security.web.ObservationFilterChainDecorator$AroundFilterObservation$SimpleAroundFilterObservation.lambda$wrap$0(ObservationFilterChainDecorator.java:323) ~[spring-security-web-6.3.0.jar:6.3.0]
	at org.springframework.security.web.ObservationFilterChainDecorator$ObservationFilter.doFilter(ObservationFilterChainDecorator.java:224) ~[spring-security-web-6.3.0.jar:6.3.0]
	at org.springframework.security.web.ObservationFilterChainDecorator$VirtualFilterChain.doFilter(ObservationFilterChainDecorator.java:137) ~[spring-security-web-6.3.0.jar:6.3.0]
	at org.springframework.security.web.FilterChainProxy.doFilterInternal(FilterChainProxy.java:233) ~[spring-security-web-6.3.0.jar:6.3.0]
	at org.springframework.security.web.FilterChainProxy.doFilter(FilterChainProxy.java:191) ~[spring-security-web-6.3.0.jar:6.3.0]
	at org.springframework.web.filter.CompositeFilter$VirtualFilterChain.doFilter(CompositeFilter.java:113) ~[spring-web-6.1.8.jar:6.1.8]
	at org.springframework.web.servlet.handler.HandlerMappingIntrospector.lambda$createCacheFilter$3(HandlerMappingIntrospector.java:195) ~[spring-webmvc-6.1.8.jar:6.1.8]
	at org.springframework.web.filter.CompositeFilter$VirtualFilterChain.doFilter(CompositeFilter.java:113) ~[spring-web-6.1.8.jar:6.1.8]
	at org.springframework.web.filter.CompositeFilter.doFilter(CompositeFilter.java:74) ~[spring-web-6.1.8.jar:6.1.8]
	at org.springframework.security.config.annotation.web.configuration.WebMvcSecurityConfiguration$CompositeFilterChainProxy.doFilter(WebMvcSecurityConfiguration.java:230) ~[spring-security-config-6.3.0.jar:6.3.0]
	at org.springframework.web.filter.DelegatingFilterProxy.invokeDelegate(DelegatingFilterProxy.java:352) ~[spring-web-6.1.8.jar:6.1.8]
	at org.springframework.web.filter.DelegatingFilterProxy.doFilter(DelegatingFilterProxy.java:268) ~[spring-web-6.1.8.jar:6.1.8]
	at org.apache.catalina.core.ApplicationFilterChain.internalDoFilter(ApplicationFilterChain.java:164) ~[tomcat-embed-core-10.1.24.jar:10.1.24]
	at org.apache.catalina.core.ApplicationFilterChain.doFilter(ApplicationFilterChain.java:140) ~[tomcat-embed-core-10.1.24.jar:10.1.24]
	at org.springframework.web.filter.RequestContextFilter.doFilterInternal(RequestContextFilter.java:100) ~[spring-web-6.1.8.jar:6.1.8]
	at org.springframework.web.filter.OncePerRequestFilter.doFilter(OncePerRequestFilter.java:116) ~[spring-web-6.1.8.jar:6.1.8]
	at org.apache.catalina.core.ApplicationFilterChain.internalDoFilter(ApplicationFilterChain.java:164) ~[tomcat-embed-core-10.1.24.jar:10.1.24]
	at org.apache.catalina.core.ApplicationFilterChain.doFilter(ApplicationFilterChain.java:140) ~[tomcat-embed-core-10.1.24.jar:10.1.24]
	at org.springframework.web.filter.FormContentFilter.doFilterInternal(FormContentFilter.java:93) ~[spring-web-6.1.8.jar:6.1.8]
	at org.springframework.web.filter.OncePerRequestFilter.doFilter(OncePerRequestFilter.java:116) ~[spring-web-6.1.8.jar:6.1.8]
	at org.apache.catalina.core.ApplicationFilterChain.internalDoFilter(ApplicationFilterChain.java:164) ~[tomcat-embed-core-10.1.24.jar:10.1.24]
	at org.apache.catalina.core.ApplicationFilterChain.doFilter(ApplicationFilterChain.java:140) ~[tomcat-embed-core-10.1.24.jar:10.1.24]
	at org.springframework.web.filter.ServerHttpObservationFilter.doFilterInternal(ServerHttpObservationFilter.java:109) ~[spring-web-6.1.8.jar:6.1.8]
	at org.springframework.web.filter.OncePerRequestFilter.doFilter(OncePerRequestFilter.java:116) ~[spring-web-6.1.8.jar:6.1.8]
	at org.apache.catalina.core.ApplicationFilterChain.internalDoFilter(ApplicationFilterChain.java:164) ~[tomcat-embed-core-10.1.24.jar:10.1.24]
	at org.apache.catalina.core.ApplicationFilterChain.doFilter(ApplicationFilterChain.java:140) ~[tomcat-embed-core-10.1.24.jar:10.1.24]
	at org.springframework.web.filter.CharacterEncodingFilter.doFilterInternal(CharacterEncodingFilter.java:201) ~[spring-web-6.1.8.jar:6.1.8]
	at org.springframework.web.filter.OncePerRequestFilter.doFilter(OncePerRequestFilter.java:116) ~[spring-web-6.1.8.jar:6.1.8]
	at org.apache.catalina.core.ApplicationFilterChain.internalDoFilter(ApplicationFilterChain.java:164) ~[tomcat-embed-core-10.1.24.jar:10.1.24]
	at org.apache.catalina.core.ApplicationFilterChain.doFilter(ApplicationFilterChain.java:140) ~[tomcat-embed-core-10.1.24.jar:10.1.24]
	at org.apache.catalina.core.StandardWrapperValve.invoke(StandardWrapperValve.java:167) ~[tomcat-embed-core-10.1.24.jar:10.1.24]
	at org.apache.catalina.core.StandardContextValve.invoke(StandardContextValve.java:90) ~[tomcat-embed-core-10.1.24.jar:10.1.24]
	at org.apache.catalina.authenticator.AuthenticatorBase.invoke(AuthenticatorBase.java:482) ~[tomcat-embed-core-10.1.24.jar:10.1.24]
	at org.apache.catalina.core.StandardHostValve.invoke(StandardHostValve.java:115) ~[tomcat-embed-core-10.1.24.jar:10.1.24]
	at org.apache.catalina.valves.ErrorReportValve.invoke(ErrorReportValve.java:93) ~[tomcat-embed-core-10.1.24.jar:10.1.24]
	at org.apache.catalina.core.StandardEngineValve.invoke(StandardEngineValve.java:74) ~[tomcat-embed-core-10.1.24.jar:10.1.24]
	at org.apache.catalina.connector.CoyoteAdapter.service(CoyoteAdapter.java:344) ~[tomcat-embed-core-10.1.24.jar:10.1.24]
	at org.apache.coyote.http11.Http11Processor.service(Http11Processor.java:389) ~[tomcat-embed-core-10.1.24.jar:10.1.24]
	at org.apache.coyote.AbstractProcessorLight.process(AbstractProcessorLight.java:63) ~[tomcat-embed-core-10.1.24.jar:10.1.24]
	at org.apache.coyote.AbstractProtocol$ConnectionHandler.process(AbstractProtocol.java:896) ~[tomcat-embed-core-10.1.24.jar:10.1.24]
	at org.apache.tomcat.util.net.NioEndpoint$SocketProcessor.doRun(NioEndpoint.java:1741) ~[tomcat-embed-core-10.1.24.jar:10.1.24]
	at org.apache.tomcat.util.net.SocketProcessorBase.run(SocketProcessorBase.java:52) ~[tomcat-embed-core-10.1.24.jar:10.1.24]
	at org.apache.tomcat.util.threads.ThreadPoolExecutor.runWorker(ThreadPoolExecutor.java:1190) ~[tomcat-embed-core-10.1.24.jar:10.1.24]
	at org.apache.tomcat.util.threads.ThreadPoolExecutor$Worker.run(ThreadPoolExecutor.java:659) ~[tomcat-embed-core-10.1.24.jar:10.1.24]
	at org.apache.tomcat.util.threads.TaskThread$WrappingRunnable.run(TaskThread.java:63) ~[tomcat-embed-core-10.1.24.jar:10.1.24]
	at java.base/java.lang.Thread.run(Thread.java:1583) [?:?]
2024-07-25 17:21:12 DEBUG  Exit: com.orioninc.ProjectRestaurants.auth.webtoken.JwtService.extractUsername() with result = admin1
2024-07-25 17:21:12 DEBUG  Exit: com.orioninc.ProjectRestaurants.repository.UserRepository.findByUsername() with result = Optional[com.orioninc.ProjectRestaurants.model.User@331c070a]
2024-07-25 17:21:12 DEBUG admin1 Exit: com.orioninc.ProjectRestaurants.auth.MyUserDetailsService.loadUserByUsername() with result = com.orioninc.ProjectRestaurants.auth.MyUserDetails@3b1f3c36
2024-07-25 17:21:12 DEBUG admin1 Exit: com.orioninc.ProjectRestaurants.auth.webtoken.JwtService.isTokenValid() with result = true
2024-07-25 17:21:12 DEBUG admin1 Exit: com.orioninc.ProjectRestaurants.DTO.restaurant.RestaurantResponseDTOMapper.apply() with result = RestaurantDTO[restaurantName=Santino Moreno, restaurantType=CHEAP]
2024-07-25 17:21:12 DEBUG admin1 Exit: com.orioninc.ProjectRestaurants.DTO.restaurant.RestaurantResponseDTOMapper.apply() with result = RestaurantDTO[restaurantName=Pachamama Dinner Club, restaurantType=MEDIUM]
2024-07-25 17:21:12 DEBUG admin1 Exit: com.orioninc.ProjectRestaurants.DTO.restaurant.RestaurantResponseDTOMapper.apply() with result = RestaurantDTO[restaurantName=Amandus, restaurantType=ELITE]
2024-07-25 17:21:12 DEBUG admin1 Exit: com.orioninc.ProjectRestaurants.service.implementation.RestaurantServiceImpl.getAllRestaurants() with result = [RestaurantDTO[restaurantName=Santino Moreno, restaurantType=CHEAP], RestaurantDTO[restaurantName=Pachamama Dinner Club, restaurantType=MEDIUM], RestaurantDTO[restaurantName=Amandus, restaurantType=ELITE]]
2024-07-25 17:27:57 INFO   Starting ProjectRestaurantsApplication using Java 21.0.3 with PID 5972 (C:\Users\vjelis\IdeaProjects\ProjectRestaurants\build\classes\java\main started by vjelis in C:\Users\vjelis\IdeaProjects\ProjectRestaurants)
2024-07-25 17:27:57 DEBUG  Running with Spring Boot v3.3.0, Spring v6.1.8
2024-07-25 17:27:57 INFO   No active profile set, falling back to 1 default profile: "default"
2024-07-25 17:27:59 INFO   Bootstrapping Spring Data JPA repositories in DEFAULT mode.
2024-07-25 17:28:00 INFO   Finished Spring Data repository scanning in 290 ms. Found 9 JPA repository interfaces.
2024-07-25 17:28:01 INFO   Tomcat initialized with port 8080 (http)
2024-07-25 17:28:01 INFO   Initializing ProtocolHandler ["http-nio-8080"]
2024-07-25 17:28:01 INFO   Starting service [Tomcat]
2024-07-25 17:28:01 INFO   Starting Servlet engine: [Apache Tomcat/10.1.24]
2024-07-25 17:28:01 INFO   Initializing Spring embedded WebApplicationContext
2024-07-25 17:28:01 INFO   Root WebApplicationContext: initialization completed in 3927 ms
2024-07-25 17:28:02 INFO   HikariPool-1 - Starting...
2024-07-25 17:28:03 INFO   HikariPool-1 - Added connection com.mysql.cj.jdbc.ConnectionImpl@73d8c8d7
2024-07-25 17:28:03 INFO   HikariPool-1 - Start completed.
2024-07-25 17:28:05 INFO   Reading from restaurant_db.databasechangelog
2024-07-25 17:28:05 INFO   Database is up to date, no changesets to execute
2024-07-25 17:28:05 INFO   Reading from restaurant_db.databasechangelog
2024-07-25 17:28:05 INFO   UPDATE SUMMARY
2024-07-25 17:28:05 INFO   Run:                          0
2024-07-25 17:28:05 INFO   Previously run:              45
2024-07-25 17:28:05 INFO   Filtered out:                 0
2024-07-25 17:28:05 INFO   -------------------------------
2024-07-25 17:28:05 INFO   Total change sets:           45
2024-07-25 17:28:05 INFO   Update summary generated
2024-07-25 17:28:05 INFO   Successfully released change log lock
2024-07-25 17:28:05 INFO   Command execution complete
2024-07-25 17:28:06 INFO   No LoadTimeWeaver setup: ignoring JPA class transformer
2024-07-25 17:28:19 INFO   Starting ProjectRestaurantsApplication using Java 21.0.3 with PID 17132 (C:\Users\vjelis\IdeaProjects\ProjectRestaurants\build\classes\java\main started by vjelis in C:\Users\vjelis\IdeaProjects\ProjectRestaurants)
2024-07-25 17:28:19 DEBUG  Running with Spring Boot v3.3.0, Spring v6.1.8
2024-07-25 17:28:19 INFO   No active profile set, falling back to 1 default profile: "default"
2024-07-25 17:28:22 INFO   Bootstrapping Spring Data JPA repositories in DEFAULT mode.
2024-07-25 17:28:22 INFO   Finished Spring Data repository scanning in 354 ms. Found 9 JPA repository interfaces.
2024-07-25 17:28:24 INFO   Tomcat initialized with port 8080 (http)
2024-07-25 17:28:24 INFO   Initializing ProtocolHandler ["http-nio-8080"]
2024-07-25 17:28:24 INFO   Starting service [Tomcat]
2024-07-25 17:28:24 INFO   Starting Servlet engine: [Apache Tomcat/10.1.24]
2024-07-25 17:28:24 INFO   Initializing Spring embedded WebApplicationContext
2024-07-25 17:28:24 INFO   Root WebApplicationContext: initialization completed in 4813 ms
2024-07-25 17:28:25 INFO   HikariPool-1 - Starting...
2024-07-25 17:28:26 INFO   HikariPool-1 - Added connection com.mysql.cj.jdbc.ConnectionImpl@5c5c784c
2024-07-25 17:28:26 INFO   HikariPool-1 - Start completed.
2024-07-25 17:28:27 INFO   Reading from restaurant_db.databasechangelog
2024-07-25 17:28:27 INFO   Database is up to date, no changesets to execute
2024-07-25 17:28:27 INFO   Reading from restaurant_db.databasechangelog
2024-07-25 17:28:27 INFO   UPDATE SUMMARY
2024-07-25 17:28:27 INFO   Run:                          0
2024-07-25 17:28:27 INFO   Previously run:              45
2024-07-25 17:28:27 INFO   Filtered out:                 0
2024-07-25 17:28:27 INFO   -------------------------------
2024-07-25 17:28:27 INFO   Total change sets:           45
2024-07-25 17:28:27 INFO   Update summary generated
2024-07-25 17:28:27 INFO   Successfully released change log lock
2024-07-25 17:28:27 INFO   Command execution complete
2024-07-25 17:28:29 INFO   No LoadTimeWeaver setup: ignoring JPA class transformer
2024-07-25 17:28:31 INFO   Initialized JPA EntityManagerFactory for persistence unit 'default'
2024-07-25 17:28:32 DEBUG  Filter 'jwtAuthenticationFilter' configured for use
2024-07-25 17:28:32 INFO   Hibernate is in classpath; If applicable, HQL parser will be used.
2024-07-25 17:28:34 WARN   spring.jpa.open-in-view is enabled by default. Therefore, database queries may be performed during view rendering. Explicitly configure spring.jpa.open-in-view to disable this warning
2024-07-25 17:28:34 INFO   Global AuthenticationManager configured with AuthenticationProvider bean with name authenticationProvider
2024-07-25 17:28:34 WARN   Global AuthenticationManager configured with an AuthenticationProvider bean. UserDetailsService beans will not be used for username/password login. Consider removing the AuthenticationProvider bean. Alternatively, consider using the UserDetailsService in a manually instantiated DaoAuthenticationProvider.
2024-07-25 17:28:35 INFO   Exposing 3 endpoints beneath base path '/actuator'
2024-07-25 17:28:35 INFO   Will secure any request with [org.springframework.security.web.session.DisableEncodeUrlFilter@5f17140d, org.springframework.security.web.context.request.async.WebAsyncManagerIntegrationFilter@30749de8, org.springframework.security.web.context.SecurityContextHolderFilter@66df5adb, org.springframework.security.web.header.HeaderWriterFilter@17574caa, org.springframework.web.filter.CorsFilter@6902e2bf, org.springframework.security.web.authentication.logout.LogoutFilter@11d16eb8, com.orioninc.ProjectRestaurants.auth.webtoken.JwtAuthenticationFilter$$SpringCGLIB$$0@3da068e8, org.springframework.security.web.authentication.UsernamePasswordAuthenticationFilter@5324647, org.springframework.security.web.authentication.ui.DefaultLoginPageGeneratingFilter@7215172a, org.springframework.security.web.authentication.ui.DefaultLogoutPageGeneratingFilter@12e4c6de, org.springframework.security.web.authentication.www.BasicAuthenticationFilter@4cd39c01, org.springframework.security.web.savedrequest.RequestCacheAwareFilter@35ca1e22, org.springframework.security.web.servletapi.SecurityContextHolderAwareRequestFilter@5ae9ea0a, org.springframework.security.web.authentication.AnonymousAuthenticationFilter@75b41ff3, org.springframework.security.web.access.ExceptionTranslationFilter@6630c950, org.springframework.security.web.access.intercept.AuthorizationFilter@5eea3f69]
2024-07-25 17:28:36 INFO   Starting ProtocolHandler ["http-nio-8080"]
2024-07-25 17:28:36 INFO   Tomcat started on port 8080 (http) with context path '/'
2024-07-25 17:28:36 INFO   Started ProjectRestaurantsApplication in 17.665 seconds (process running for 19.008)
2024-07-25 17:28:43 INFO   Initializing Spring DispatcherServlet 'dispatcherServlet'
2024-07-25 17:28:43 INFO   Initializing Servlet 'dispatcherServlet'
2024-07-25 17:28:43 INFO   Completed initialization in 2 ms
2024-07-25 17:28:43 ERROR  Exception in com.orioninc.ProjectRestaurants.auth.webtoken.JwtService.extractUsername() with cause = NULL
2024-07-25 17:28:43 ERROR  Servlet.service() for servlet [dispatcherServlet] in context with path [] threw exception
io.jsonwebtoken.ExpiredJwtException: JWT expired 111752 milliseconds ago at 2024-07-25T14:26:52.000Z. Current time: 2024-07-25T14:28:43.752Z. Allowed clock skew: 0 milliseconds.
	at io.jsonwebtoken.impl.DefaultJwtParser.parse(DefaultJwtParser.java:682) ~[jjwt-impl-0.12.5.jar:0.12.5]
	at io.jsonwebtoken.impl.DefaultJwtParser.parse(DefaultJwtParser.java:362) ~[jjwt-impl-0.12.5.jar:0.12.5]
	at io.jsonwebtoken.impl.DefaultJwtParser.parse(DefaultJwtParser.java:94) ~[jjwt-impl-0.12.5.jar:0.12.5]
	at io.jsonwebtoken.impl.io.AbstractParser.parse(AbstractParser.java:36) ~[jjwt-impl-0.12.5.jar:0.12.5]
	at io.jsonwebtoken.impl.io.AbstractParser.parse(AbstractParser.java:29) ~[jjwt-impl-0.12.5.jar:0.12.5]
	at io.jsonwebtoken.impl.DefaultJwtParser.parseSignedClaims(DefaultJwtParser.java:821) ~[jjwt-impl-0.12.5.jar:0.12.5]
	at com.orioninc.ProjectRestaurants.auth.webtoken.JwtService.getClaims(JwtService.java:59) ~[main/:?]
	at com.orioninc.ProjectRestaurants.auth.webtoken.JwtService.extractUsername(JwtService.java:54) ~[main/:?]
	at java.base/jdk.internal.reflect.DirectMethodHandleAccessor.invoke(DirectMethodHandleAccessor.java:103) ~[?:?]
	at java.base/java.lang.reflect.Method.invoke(Method.java:580) ~[?:?]
	at org.springframework.aop.support.AopUtils.invokeJoinpointUsingReflection(AopUtils.java:354) ~[spring-aop-6.1.8.jar:6.1.8]
	at org.springframework.aop.framework.ReflectiveMethodInvocation.invokeJoinpoint(ReflectiveMethodInvocation.java:196) ~[spring-aop-6.1.8.jar:6.1.8]
	at org.springframework.aop.framework.ReflectiveMethodInvocation.proceed(ReflectiveMethodInvocation.java:163) ~[spring-aop-6.1.8.jar:6.1.8]
	at org.springframework.aop.framework.CglibAopProxy$CglibMethodInvocation.proceed(CglibAopProxy.java:768) ~[spring-aop-6.1.8.jar:6.1.8]
	at org.springframework.aop.aspectj.AspectJAfterThrowingAdvice.invoke(AspectJAfterThrowingAdvice.java:64) ~[spring-aop-6.1.8.jar:6.1.8]
	at org.springframework.aop.framework.ReflectiveMethodInvocation.proceed(ReflectiveMethodInvocation.java:184) ~[spring-aop-6.1.8.jar:6.1.8]
	at org.springframework.aop.framework.CglibAopProxy$CglibMethodInvocation.proceed(CglibAopProxy.java:768) ~[spring-aop-6.1.8.jar:6.1.8]
	at org.springframework.aop.aspectj.MethodInvocationProceedingJoinPoint.proceed(MethodInvocationProceedingJoinPoint.java:89) ~[spring-aop-6.1.8.jar:6.1.8]
	at com.orioninc.ProjectRestaurants.aspect.LoggingAdvice.logAround(LoggingAdvice.java:76) ~[main/:?]
	at java.base/jdk.internal.reflect.DirectMethodHandleAccessor.invoke(DirectMethodHandleAccessor.java:103) ~[?:?]
	at java.base/java.lang.reflect.Method.invoke(Method.java:580) ~[?:?]
	at org.springframework.aop.aspectj.AbstractAspectJAdvice.invokeAdviceMethodWithGivenArgs(AbstractAspectJAdvice.java:637) ~[spring-aop-6.1.8.jar:6.1.8]
	at org.springframework.aop.aspectj.AbstractAspectJAdvice.invokeAdviceMethod(AbstractAspectJAdvice.java:627) ~[spring-aop-6.1.8.jar:6.1.8]
	at org.springframework.aop.aspectj.AspectJAroundAdvice.invoke(AspectJAroundAdvice.java:71) ~[spring-aop-6.1.8.jar:6.1.8]
	at org.springframework.aop.framework.ReflectiveMethodInvocation.proceed(ReflectiveMethodInvocation.java:184) ~[spring-aop-6.1.8.jar:6.1.8]
	at org.springframework.aop.framework.CglibAopProxy$CglibMethodInvocation.proceed(CglibAopProxy.java:768) ~[spring-aop-6.1.8.jar:6.1.8]
	at org.springframework.aop.interceptor.ExposeInvocationInterceptor.invoke(ExposeInvocationInterceptor.java:97) ~[spring-aop-6.1.8.jar:6.1.8]
	at org.springframework.aop.framework.ReflectiveMethodInvocation.proceed(ReflectiveMethodInvocation.java:184) ~[spring-aop-6.1.8.jar:6.1.8]
	at org.springframework.aop.framework.CglibAopProxy$CglibMethodInvocation.proceed(CglibAopProxy.java:768) ~[spring-aop-6.1.8.jar:6.1.8]
	at org.springframework.aop.framework.CglibAopProxy$DynamicAdvisedInterceptor.intercept(CglibAopProxy.java:720) ~[spring-aop-6.1.8.jar:6.1.8]
	at com.orioninc.ProjectRestaurants.auth.webtoken.JwtService$$SpringCGLIB$$0.extractUsername(<generated>) ~[main/:?]
	at com.orioninc.ProjectRestaurants.auth.webtoken.JwtAuthenticationFilter.doFilterInternal(JwtAuthenticationFilter.java:41) ~[main/:?]
	at org.springframework.web.filter.OncePerRequestFilter.doFilter(OncePerRequestFilter.java:116) ~[spring-web-6.1.8.jar:6.1.8]
	at org.springframework.security.web.ObservationFilterChainDecorator$ObservationFilter.wrapFilter(ObservationFilterChainDecorator.java:240) ~[spring-security-web-6.3.0.jar:6.3.0]
	at org.springframework.security.web.ObservationFilterChainDecorator$ObservationFilter.doFilter(ObservationFilterChainDecorator.java:227) ~[spring-security-web-6.3.0.jar:6.3.0]
	at org.springframework.security.web.ObservationFilterChainDecorator$VirtualFilterChain.doFilter(ObservationFilterChainDecorator.java:137) ~[spring-security-web-6.3.0.jar:6.3.0]
	at org.springframework.security.web.authentication.logout.LogoutFilter.doFilter(LogoutFilter.java:107) ~[spring-security-web-6.3.0.jar:6.3.0]
	at org.springframework.security.web.authentication.logout.LogoutFilter.doFilter(LogoutFilter.java:93) ~[spring-security-web-6.3.0.jar:6.3.0]
	at org.springframework.security.web.ObservationFilterChainDecorator$ObservationFilter.wrapFilter(ObservationFilterChainDecorator.java:240) ~[spring-security-web-6.3.0.jar:6.3.0]
	at org.springframework.security.web.ObservationFilterChainDecorator$ObservationFilter.doFilter(ObservationFilterChainDecorator.java:227) ~[spring-security-web-6.3.0.jar:6.3.0]
	at org.springframework.security.web.ObservationFilterChainDecorator$VirtualFilterChain.doFilter(ObservationFilterChainDecorator.java:137) ~[spring-security-web-6.3.0.jar:6.3.0]
	at org.springframework.web.filter.CorsFilter.doFilterInternal(CorsFilter.java:91) ~[spring-web-6.1.8.jar:6.1.8]
	at org.springframework.web.filter.OncePerRequestFilter.doFilter(OncePerRequestFilter.java:116) ~[spring-web-6.1.8.jar:6.1.8]
	at org.springframework.security.web.ObservationFilterChainDecorator$ObservationFilter.wrapFilter(ObservationFilterChainDecorator.java:240) ~[spring-security-web-6.3.0.jar:6.3.0]
	at org.springframework.security.web.ObservationFilterChainDecorator$ObservationFilter.doFilter(ObservationFilterChainDecorator.java:227) ~[spring-security-web-6.3.0.jar:6.3.0]
	at org.springframework.security.web.ObservationFilterChainDecorator$VirtualFilterChain.doFilter(ObservationFilterChainDecorator.java:137) ~[spring-security-web-6.3.0.jar:6.3.0]
	at org.springframework.security.web.header.HeaderWriterFilter.doHeadersAfter(HeaderWriterFilter.java:90) ~[spring-security-web-6.3.0.jar:6.3.0]
	at org.springframework.security.web.header.HeaderWriterFilter.doFilterInternal(HeaderWriterFilter.java:75) ~[spring-security-web-6.3.0.jar:6.3.0]
	at org.springframework.web.filter.OncePerRequestFilter.doFilter(OncePerRequestFilter.java:116) ~[spring-web-6.1.8.jar:6.1.8]
	at org.springframework.security.web.ObservationFilterChainDecorator$ObservationFilter.wrapFilter(ObservationFilterChainDecorator.java:240) ~[spring-security-web-6.3.0.jar:6.3.0]
	at org.springframework.security.web.ObservationFilterChainDecorator$ObservationFilter.doFilter(ObservationFilterChainDecorator.java:227) ~[spring-security-web-6.3.0.jar:6.3.0]
	at org.springframework.security.web.ObservationFilterChainDecorator$VirtualFilterChain.doFilter(ObservationFilterChainDecorator.java:137) ~[spring-security-web-6.3.0.jar:6.3.0]
	at org.springframework.security.web.context.SecurityContextHolderFilter.doFilter(SecurityContextHolderFilter.java:82) ~[spring-security-web-6.3.0.jar:6.3.0]
	at org.springframework.security.web.context.SecurityContextHolderFilter.doFilter(SecurityContextHolderFilter.java:69) ~[spring-security-web-6.3.0.jar:6.3.0]
	at org.springframework.security.web.ObservationFilterChainDecorator$ObservationFilter.wrapFilter(ObservationFilterChainDecorator.java:240) ~[spring-security-web-6.3.0.jar:6.3.0]
	at org.springframework.security.web.ObservationFilterChainDecorator$ObservationFilter.doFilter(ObservationFilterChainDecorator.java:227) ~[spring-security-web-6.3.0.jar:6.3.0]
	at org.springframework.security.web.ObservationFilterChainDecorator$VirtualFilterChain.doFilter(ObservationFilterChainDecorator.java:137) ~[spring-security-web-6.3.0.jar:6.3.0]
	at org.springframework.security.web.context.request.async.WebAsyncManagerIntegrationFilter.doFilterInternal(WebAsyncManagerIntegrationFilter.java:62) ~[spring-security-web-6.3.0.jar:6.3.0]
	at org.springframework.web.filter.OncePerRequestFilter.doFilter(OncePerRequestFilter.java:116) ~[spring-web-6.1.8.jar:6.1.8]
	at org.springframework.security.web.ObservationFilterChainDecorator$ObservationFilter.wrapFilter(ObservationFilterChainDecorator.java:240) ~[spring-security-web-6.3.0.jar:6.3.0]
	at org.springframework.security.web.ObservationFilterChainDecorator$ObservationFilter.doFilter(ObservationFilterChainDecorator.java:227) ~[spring-security-web-6.3.0.jar:6.3.0]
	at org.springframework.security.web.ObservationFilterChainDecorator$VirtualFilterChain.doFilter(ObservationFilterChainDecorator.java:137) ~[spring-security-web-6.3.0.jar:6.3.0]
	at org.springframework.security.web.session.DisableEncodeUrlFilter.doFilterInternal(DisableEncodeUrlFilter.java:42) ~[spring-security-web-6.3.0.jar:6.3.0]
	at org.springframework.web.filter.OncePerRequestFilter.doFilter(OncePerRequestFilter.java:116) ~[spring-web-6.1.8.jar:6.1.8]
	at org.springframework.security.web.ObservationFilterChainDecorator$ObservationFilter.wrapFilter(ObservationFilterChainDecorator.java:240) ~[spring-security-web-6.3.0.jar:6.3.0]
	at org.springframework.security.web.ObservationFilterChainDecorator$AroundFilterObservation$SimpleAroundFilterObservation.lambda$wrap$0(ObservationFilterChainDecorator.java:323) ~[spring-security-web-6.3.0.jar:6.3.0]
	at org.springframework.security.web.ObservationFilterChainDecorator$ObservationFilter.doFilter(ObservationFilterChainDecorator.java:224) ~[spring-security-web-6.3.0.jar:6.3.0]
	at org.springframework.security.web.ObservationFilterChainDecorator$VirtualFilterChain.doFilter(ObservationFilterChainDecorator.java:137) ~[spring-security-web-6.3.0.jar:6.3.0]
	at org.springframework.security.web.FilterChainProxy.doFilterInternal(FilterChainProxy.java:233) ~[spring-security-web-6.3.0.jar:6.3.0]
	at org.springframework.security.web.FilterChainProxy.doFilter(FilterChainProxy.java:191) ~[spring-security-web-6.3.0.jar:6.3.0]
	at org.springframework.web.filter.CompositeFilter$VirtualFilterChain.doFilter(CompositeFilter.java:113) ~[spring-web-6.1.8.jar:6.1.8]
	at org.springframework.web.servlet.handler.HandlerMappingIntrospector.lambda$createCacheFilter$3(HandlerMappingIntrospector.java:195) ~[spring-webmvc-6.1.8.jar:6.1.8]
	at org.springframework.web.filter.CompositeFilter$VirtualFilterChain.doFilter(CompositeFilter.java:113) ~[spring-web-6.1.8.jar:6.1.8]
	at org.springframework.web.filter.CompositeFilter.doFilter(CompositeFilter.java:74) ~[spring-web-6.1.8.jar:6.1.8]
	at org.springframework.security.config.annotation.web.configuration.WebMvcSecurityConfiguration$CompositeFilterChainProxy.doFilter(WebMvcSecurityConfiguration.java:230) ~[spring-security-config-6.3.0.jar:6.3.0]
	at org.springframework.web.filter.DelegatingFilterProxy.invokeDelegate(DelegatingFilterProxy.java:352) ~[spring-web-6.1.8.jar:6.1.8]
	at org.springframework.web.filter.DelegatingFilterProxy.doFilter(DelegatingFilterProxy.java:268) ~[spring-web-6.1.8.jar:6.1.8]
	at org.apache.catalina.core.ApplicationFilterChain.internalDoFilter(ApplicationFilterChain.java:164) ~[tomcat-embed-core-10.1.24.jar:10.1.24]
	at org.apache.catalina.core.ApplicationFilterChain.doFilter(ApplicationFilterChain.java:140) ~[tomcat-embed-core-10.1.24.jar:10.1.24]
	at org.springframework.web.filter.RequestContextFilter.doFilterInternal(RequestContextFilter.java:100) ~[spring-web-6.1.8.jar:6.1.8]
	at org.springframework.web.filter.OncePerRequestFilter.doFilter(OncePerRequestFilter.java:116) ~[spring-web-6.1.8.jar:6.1.8]
	at org.apache.catalina.core.ApplicationFilterChain.internalDoFilter(ApplicationFilterChain.java:164) ~[tomcat-embed-core-10.1.24.jar:10.1.24]
	at org.apache.catalina.core.ApplicationFilterChain.doFilter(ApplicationFilterChain.java:140) ~[tomcat-embed-core-10.1.24.jar:10.1.24]
	at org.springframework.web.filter.FormContentFilter.doFilterInternal(FormContentFilter.java:93) ~[spring-web-6.1.8.jar:6.1.8]
	at org.springframework.web.filter.OncePerRequestFilter.doFilter(OncePerRequestFilter.java:116) ~[spring-web-6.1.8.jar:6.1.8]
	at org.apache.catalina.core.ApplicationFilterChain.internalDoFilter(ApplicationFilterChain.java:164) ~[tomcat-embed-core-10.1.24.jar:10.1.24]
	at org.apache.catalina.core.ApplicationFilterChain.doFilter(ApplicationFilterChain.java:140) ~[tomcat-embed-core-10.1.24.jar:10.1.24]
	at org.springframework.web.filter.ServerHttpObservationFilter.doFilterInternal(ServerHttpObservationFilter.java:109) ~[spring-web-6.1.8.jar:6.1.8]
	at org.springframework.web.filter.OncePerRequestFilter.doFilter(OncePerRequestFilter.java:116) ~[spring-web-6.1.8.jar:6.1.8]
	at org.apache.catalina.core.ApplicationFilterChain.internalDoFilter(ApplicationFilterChain.java:164) ~[tomcat-embed-core-10.1.24.jar:10.1.24]
	at org.apache.catalina.core.ApplicationFilterChain.doFilter(ApplicationFilterChain.java:140) ~[tomcat-embed-core-10.1.24.jar:10.1.24]
	at org.springframework.web.filter.CharacterEncodingFilter.doFilterInternal(CharacterEncodingFilter.java:201) ~[spring-web-6.1.8.jar:6.1.8]
	at org.springframework.web.filter.OncePerRequestFilter.doFilter(OncePerRequestFilter.java:116) ~[spring-web-6.1.8.jar:6.1.8]
	at org.apache.catalina.core.ApplicationFilterChain.internalDoFilter(ApplicationFilterChain.java:164) ~[tomcat-embed-core-10.1.24.jar:10.1.24]
	at org.apache.catalina.core.ApplicationFilterChain.doFilter(ApplicationFilterChain.java:140) ~[tomcat-embed-core-10.1.24.jar:10.1.24]
	at org.apache.catalina.core.StandardWrapperValve.invoke(StandardWrapperValve.java:167) ~[tomcat-embed-core-10.1.24.jar:10.1.24]
	at org.apache.catalina.core.StandardContextValve.invoke(StandardContextValve.java:90) ~[tomcat-embed-core-10.1.24.jar:10.1.24]
	at org.apache.catalina.authenticator.AuthenticatorBase.invoke(AuthenticatorBase.java:482) ~[tomcat-embed-core-10.1.24.jar:10.1.24]
	at org.apache.catalina.core.StandardHostValve.invoke(StandardHostValve.java:115) ~[tomcat-embed-core-10.1.24.jar:10.1.24]
	at org.apache.catalina.valves.ErrorReportValve.invoke(ErrorReportValve.java:93) ~[tomcat-embed-core-10.1.24.jar:10.1.24]
	at org.apache.catalina.core.StandardEngineValve.invoke(StandardEngineValve.java:74) ~[tomcat-embed-core-10.1.24.jar:10.1.24]
	at org.apache.catalina.connector.CoyoteAdapter.service(CoyoteAdapter.java:344) ~[tomcat-embed-core-10.1.24.jar:10.1.24]
	at org.apache.coyote.http11.Http11Processor.service(Http11Processor.java:389) ~[tomcat-embed-core-10.1.24.jar:10.1.24]
	at org.apache.coyote.AbstractProcessorLight.process(AbstractProcessorLight.java:63) ~[tomcat-embed-core-10.1.24.jar:10.1.24]
	at org.apache.coyote.AbstractProtocol$ConnectionHandler.process(AbstractProtocol.java:896) ~[tomcat-embed-core-10.1.24.jar:10.1.24]
	at org.apache.tomcat.util.net.NioEndpoint$SocketProcessor.doRun(NioEndpoint.java:1741) ~[tomcat-embed-core-10.1.24.jar:10.1.24]
	at org.apache.tomcat.util.net.SocketProcessorBase.run(SocketProcessorBase.java:52) ~[tomcat-embed-core-10.1.24.jar:10.1.24]
	at org.apache.tomcat.util.threads.ThreadPoolExecutor.runWorker(ThreadPoolExecutor.java:1190) ~[tomcat-embed-core-10.1.24.jar:10.1.24]
	at org.apache.tomcat.util.threads.ThreadPoolExecutor$Worker.run(ThreadPoolExecutor.java:659) ~[tomcat-embed-core-10.1.24.jar:10.1.24]
	at org.apache.tomcat.util.threads.TaskThread$WrappingRunnable.run(TaskThread.java:63) ~[tomcat-embed-core-10.1.24.jar:10.1.24]
	at java.base/java.lang.Thread.run(Thread.java:1583) [?:?]
2024-07-25 17:28:49 DEBUG  Exit: com.orioninc.ProjectRestaurants.repository.UserRepository.findByUsername() with result = Optional[com.orioninc.ProjectRestaurants.model.User@142d57bf]
2024-07-25 17:28:49 DEBUG admin1 Exit: com.orioninc.ProjectRestaurants.auth.MyUserDetailsService.loadUserByUsername() with result = com.orioninc.ProjectRestaurants.auth.MyUserDetails@88da33f
2024-07-25 17:28:49 DEBUG admin1 Exit: com.orioninc.ProjectRestaurants.repository.UserRepository.findByUsername() with result = Optional[com.orioninc.ProjectRestaurants.model.User@142d57bf]
2024-07-25 17:28:49 DEBUG admin1 Exit: com.orioninc.ProjectRestaurants.auth.MyUserDetailsService.loadUserByUsername() with result = com.orioninc.ProjectRestaurants.auth.MyUserDetails@1ac3d57e
2024-07-25 17:28:49 DEBUG admin1 Exit: com.orioninc.ProjectRestaurants.auth.webtoken.JwtService.generateToken() with result = eyJhbGciOiJIUzUxMiJ9.eyJpc3MiOiJodHRwOi8vbG9jYWxob3N0OjgwODAvIiwic3ViIjoiYWRtaW4xIiwiaWF0IjoxNzIxOTE3NzI5LCJleHAiOjE3MjE5MTgzMjl9.LJ_yAkvUyTejWWq7JjfXWe-j_HWWY9ZxPeHjN7J6pBCw-6iwHxDBFRSwvRK2UPp5jmkH6r_oVkbkv86_uc9A0A
2024-07-25 17:28:53 DEBUG  Exit: com.orioninc.ProjectRestaurants.auth.webtoken.JwtService.extractUsername() with result = admin1
2024-07-25 17:28:53 DEBUG  Exit: com.orioninc.ProjectRestaurants.repository.UserRepository.findByUsername() with result = Optional[com.orioninc.ProjectRestaurants.model.User@2f857acf]
2024-07-25 17:28:53 DEBUG admin1 Exit: com.orioninc.ProjectRestaurants.auth.MyUserDetailsService.loadUserByUsername() with result = com.orioninc.ProjectRestaurants.auth.MyUserDetails@75b10fe4
2024-07-25 17:28:53 DEBUG admin1 Exit: com.orioninc.ProjectRestaurants.auth.webtoken.JwtService.isTokenValid() with result = true
2024-07-25 17:28:53 DEBUG admin1 Exit: com.orioninc.ProjectRestaurants.DTO.restaurant.RestaurantResponseDTOMapper.apply() with result = RestaurantDTO[restaurantName=Santino Moreno, restaurantType=CHEAP]
2024-07-25 17:28:53 DEBUG admin1 Exit: com.orioninc.ProjectRestaurants.DTO.restaurant.RestaurantResponseDTOMapper.apply() with result = RestaurantDTO[restaurantName=Pachamama Dinner Club, restaurantType=MEDIUM]
2024-07-25 17:28:53 DEBUG admin1 Exit: com.orioninc.ProjectRestaurants.DTO.restaurant.RestaurantResponseDTOMapper.apply() with result = RestaurantDTO[restaurantName=Amandus, restaurantType=ELITE]
2024-07-25 17:28:53 DEBUG admin1 Exit: com.orioninc.ProjectRestaurants.service.implementation.RestaurantServiceImpl.getAllRestaurants() with result = [RestaurantDTO[restaurantName=Santino Moreno, restaurantType=CHEAP], RestaurantDTO[restaurantName=Pachamama Dinner Club, restaurantType=MEDIUM], RestaurantDTO[restaurantName=Amandus, restaurantType=ELITE]]
2024-07-25 17:29:33 INFO   Starting ProjectRestaurantsApplication using Java 21.0.3 with PID 15804 (C:\Users\vjelis\IdeaProjects\ProjectRestaurants\build\classes\java\main started by vjelis in C:\Users\vjelis\IdeaProjects\ProjectRestaurants)
2024-07-25 17:29:33 DEBUG  Running with Spring Boot v3.3.0, Spring v6.1.8
2024-07-25 17:29:33 INFO   No active profile set, falling back to 1 default profile: "default"
2024-07-25 17:29:34 INFO   Bootstrapping Spring Data JPA repositories in DEFAULT mode.
2024-07-25 17:29:35 INFO   Finished Spring Data repository scanning in 236 ms. Found 9 JPA repository interfaces.
2024-07-25 17:29:36 INFO   Tomcat initialized with port 8080 (http)
2024-07-25 17:29:36 INFO   Initializing ProtocolHandler ["http-nio-8080"]
2024-07-25 17:29:36 INFO   Starting service [Tomcat]
2024-07-25 17:29:36 INFO   Starting Servlet engine: [Apache Tomcat/10.1.24]
2024-07-25 17:29:36 INFO   Initializing Spring embedded WebApplicationContext
2024-07-25 17:29:36 INFO   Root WebApplicationContext: initialization completed in 3622 ms
2024-07-25 17:29:37 INFO   HikariPool-1 - Starting...
2024-07-25 17:29:38 INFO   HikariPool-1 - Added connection com.mysql.cj.jdbc.ConnectionImpl@79fcd194
2024-07-25 17:29:38 INFO   HikariPool-1 - Start completed.
2024-07-25 17:29:39 INFO   Reading from restaurant_db.databasechangelog
2024-07-25 17:29:39 INFO   Database is up to date, no changesets to execute
2024-07-25 17:29:39 INFO   Reading from restaurant_db.databasechangelog
2024-07-25 17:29:39 INFO   UPDATE SUMMARY
2024-07-25 17:29:39 INFO   Run:                          0
2024-07-25 17:29:39 INFO   Previously run:              45
2024-07-25 17:29:39 INFO   Filtered out:                 0
2024-07-25 17:29:39 INFO   -------------------------------
2024-07-25 17:29:39 INFO   Total change sets:           45
2024-07-25 17:29:39 INFO   Update summary generated
2024-07-25 17:29:39 INFO   Successfully released change log lock
2024-07-25 17:29:39 INFO   Command execution complete
2024-07-25 17:29:40 INFO   No LoadTimeWeaver setup: ignoring JPA class transformer
2024-07-25 17:29:42 INFO   Initialized JPA EntityManagerFactory for persistence unit 'default'
2024-07-25 17:29:43 DEBUG  Filter 'jwtAuthenticationFilter' configured for use
2024-07-25 17:29:43 INFO   Hibernate is in classpath; If applicable, HQL parser will be used.
2024-07-25 17:29:45 WARN   spring.jpa.open-in-view is enabled by default. Therefore, database queries may be performed during view rendering. Explicitly configure spring.jpa.open-in-view to disable this warning
2024-07-25 17:29:45 INFO   Global AuthenticationManager configured with AuthenticationProvider bean with name authenticationProvider
2024-07-25 17:29:45 WARN   Global AuthenticationManager configured with an AuthenticationProvider bean. UserDetailsService beans will not be used for username/password login. Consider removing the AuthenticationProvider bean. Alternatively, consider using the UserDetailsService in a manually instantiated DaoAuthenticationProvider.
2024-07-25 17:29:46 INFO   Exposing 3 endpoints beneath base path '/actuator'
2024-07-25 17:29:46 INFO   Will secure any request with [org.springframework.security.web.session.DisableEncodeUrlFilter@1856a312, org.springframework.security.web.context.request.async.WebAsyncManagerIntegrationFilter@68886059, org.springframework.security.web.context.SecurityContextHolderFilter@7bbec1cc, org.springframework.security.web.header.HeaderWriterFilter@4245e409, org.springframework.web.filter.CorsFilter@3d59a887, org.springframework.security.web.authentication.logout.LogoutFilter@deddccb, com.orioninc.ProjectRestaurants.auth.webtoken.JwtAuthenticationFilter$$SpringCGLIB$$0@60b90fd3, org.springframework.security.web.authentication.UsernamePasswordAuthenticationFilter@4a7c88f2, org.springframework.security.web.authentication.ui.DefaultLoginPageGeneratingFilter@924c964, org.springframework.security.web.authentication.ui.DefaultLogoutPageGeneratingFilter@2938c689, org.springframework.security.web.authentication.www.BasicAuthenticationFilter@606beba4, org.springframework.security.web.savedrequest.RequestCacheAwareFilter@3829bb5, org.springframework.security.web.servletapi.SecurityContextHolderAwareRequestFilter@61207d28, org.springframework.security.web.authentication.AnonymousAuthenticationFilter@4dbae8f, org.springframework.security.web.access.ExceptionTranslationFilter@35ca8ec3, org.springframework.security.web.access.intercept.AuthorizationFilter@31caf651]
2024-07-25 17:29:48 INFO   Starting ProtocolHandler ["http-nio-8080"]
2024-07-25 17:29:48 INFO   Tomcat started on port 8080 (http) with context path '/'
2024-07-25 17:29:48 INFO   Started ProjectRestaurantsApplication in 15.627 seconds (process running for 16.962)
2024-07-25 17:30:02 INFO   Initializing Spring DispatcherServlet 'dispatcherServlet'
2024-07-25 17:30:02 INFO   Initializing Servlet 'dispatcherServlet'
2024-07-25 17:30:02 INFO   Completed initialization in 2 ms
2024-07-25 17:30:02 DEBUG  Exit: com.orioninc.ProjectRestaurants.auth.webtoken.JwtService.extractUsername() with result = admin1
2024-07-25 17:30:02 DEBUG  Exit: com.orioninc.ProjectRestaurants.repository.UserRepository.findByUsername() with result = Optional[com.orioninc.ProjectRestaurants.model.User@6d6a47f7]
2024-07-25 17:30:02 DEBUG admin1 Exit: com.orioninc.ProjectRestaurants.auth.MyUserDetailsService.loadUserByUsername() with result = com.orioninc.ProjectRestaurants.auth.MyUserDetails@551c9327
2024-07-25 17:30:02 DEBUG admin1 Exit: com.orioninc.ProjectRestaurants.auth.webtoken.JwtService.isTokenValid() with result = true
2024-07-25 17:30:03 DEBUG admin1 Exit: com.orioninc.ProjectRestaurants.DTO.restaurant.RestaurantResponseDTOMapper.apply() with result = RestaurantDTO[restaurantName=Santino Moreno, restaurantType=CHEAP]
2024-07-25 17:30:03 DEBUG admin1 Exit: com.orioninc.ProjectRestaurants.DTO.restaurant.RestaurantResponseDTOMapper.apply() with result = RestaurantDTO[restaurantName=Pachamama Dinner Club, restaurantType=MEDIUM]
2024-07-25 17:30:03 DEBUG admin1 Exit: com.orioninc.ProjectRestaurants.DTO.restaurant.RestaurantResponseDTOMapper.apply() with result = RestaurantDTO[restaurantName=Amandus, restaurantType=ELITE]
2024-07-25 17:30:03 DEBUG admin1 Exit: com.orioninc.ProjectRestaurants.service.implementation.RestaurantServiceImpl.getAllRestaurants() with result = [RestaurantDTO[restaurantName=Santino Moreno, restaurantType=CHEAP], RestaurantDTO[restaurantName=Pachamama Dinner Club, restaurantType=MEDIUM], RestaurantDTO[restaurantName=Amandus, restaurantType=ELITE]]
2024-07-25 17:30:45 INFO   Starting ProjectRestaurantsApplication using Java 21.0.3 with PID 6292 (C:\Users\vjelis\IdeaProjects\ProjectRestaurants\build\classes\java\main started by vjelis in C:\Users\vjelis\IdeaProjects\ProjectRestaurants)
2024-07-25 17:30:45 DEBUG  Running with Spring Boot v3.3.0, Spring v6.1.8
2024-07-25 17:30:45 INFO   No active profile set, falling back to 1 default profile: "default"
2024-07-25 17:30:46 INFO   Bootstrapping Spring Data JPA repositories in DEFAULT mode.
2024-07-25 17:30:47 INFO   Finished Spring Data repository scanning in 598 ms. Found 9 JPA repository interfaces.
2024-07-25 17:30:49 INFO   Tomcat initialized with port 8080 (http)
2024-07-25 17:30:49 INFO   Initializing ProtocolHandler ["http-nio-8080"]
2024-07-25 17:30:49 INFO   Starting service [Tomcat]
2024-07-25 17:30:49 INFO   Starting Servlet engine: [Apache Tomcat/10.1.24]
2024-07-25 17:30:49 INFO   Initializing Spring embedded WebApplicationContext
2024-07-25 17:30:49 INFO   Root WebApplicationContext: initialization completed in 4483 ms
2024-07-25 17:30:50 INFO   HikariPool-1 - Starting...
2024-07-25 17:30:51 INFO   HikariPool-1 - Added connection com.mysql.cj.jdbc.ConnectionImpl@6c8d8b60
2024-07-25 17:30:51 INFO   HikariPool-1 - Start completed.
2024-07-25 17:30:52 INFO   Reading from restaurant_db.databasechangelog
2024-07-25 17:30:52 INFO   Database is up to date, no changesets to execute
2024-07-25 17:30:52 INFO   Reading from restaurant_db.databasechangelog
2024-07-25 17:30:52 INFO   UPDATE SUMMARY
2024-07-25 17:30:52 INFO   Run:                          0
2024-07-25 17:30:52 INFO   Previously run:              45
2024-07-25 17:30:52 INFO   Filtered out:                 0
2024-07-25 17:30:52 INFO   -------------------------------
2024-07-25 17:30:52 INFO   Total change sets:           45
2024-07-25 17:30:52 INFO   Update summary generated
2024-07-25 17:30:52 INFO   Successfully released change log lock
2024-07-25 17:30:52 INFO   Command execution complete
2024-07-25 17:30:54 INFO   No LoadTimeWeaver setup: ignoring JPA class transformer
2024-07-25 17:30:55 INFO   Initialized JPA EntityManagerFactory for persistence unit 'default'
2024-07-25 17:30:56 DEBUG  Filter 'jwtAuthenticationFilter' configured for use
2024-07-25 17:30:57 INFO   Hibernate is in classpath; If applicable, HQL parser will be used.
2024-07-25 17:30:59 WARN   spring.jpa.open-in-view is enabled by default. Therefore, database queries may be performed during view rendering. Explicitly configure spring.jpa.open-in-view to disable this warning
2024-07-25 17:30:59 INFO   Global AuthenticationManager configured with AuthenticationProvider bean with name authenticationProvider
2024-07-25 17:30:59 WARN   Global AuthenticationManager configured with an AuthenticationProvider bean. UserDetailsService beans will not be used for username/password login. Consider removing the AuthenticationProvider bean. Alternatively, consider using the UserDetailsService in a manually instantiated DaoAuthenticationProvider.
2024-07-25 17:31:00 INFO   Exposing 3 endpoints beneath base path '/actuator'
2024-07-25 17:31:00 INFO   Will secure any request with [org.springframework.security.web.session.DisableEncodeUrlFilter@68886059, org.springframework.security.web.context.request.async.WebAsyncManagerIntegrationFilter@3d59a887, org.springframework.security.web.context.SecurityContextHolderFilter@5a77b7cc, org.springframework.security.web.header.HeaderWriterFilter@6bf6b454, org.springframework.web.filter.CorsFilter@2938c689, org.springframework.security.web.authentication.logout.LogoutFilter@4e80eb4c, com.orioninc.ProjectRestaurants.auth.webtoken.JwtAuthenticationFilter$$SpringCGLIB$$0@55704859, org.springframework.security.web.authentication.UsernamePasswordAuthenticationFilter@3c9d64e4, org.springframework.security.web.authentication.ui.DefaultLoginPageGeneratingFilter@73145db2, org.springframework.security.web.authentication.ui.DefaultLogoutPageGeneratingFilter@4dbae8f, org.springframework.security.web.authentication.www.BasicAuthenticationFilter@58d33d5d, org.springframework.security.web.savedrequest.RequestCacheAwareFilter@7cd90b9b, org.springframework.security.web.servletapi.SecurityContextHolderAwareRequestFilter@176630ee, org.springframework.security.web.authentication.AnonymousAuthenticationFilter@2ffa8ce5, org.springframework.security.web.access.ExceptionTranslationFilter@52fe8d86, org.springframework.security.web.access.intercept.AuthorizationFilter@2de0f3e3]
2024-07-25 17:31:02 INFO   Starting ProtocolHandler ["http-nio-8080"]
2024-07-25 17:31:02 INFO   Tomcat started on port 8080 (http) with context path '/'
2024-07-25 17:31:02 INFO   Started ProjectRestaurantsApplication in 17.654 seconds (process running for 19.099)
2024-07-25 17:31:08 INFO   Starting ProjectRestaurantsApplication using Java 21.0.3 with PID 11400 (C:\Users\vjelis\IdeaProjects\ProjectRestaurants\build\classes\java\main started by vjelis in C:\Users\vjelis\IdeaProjects\ProjectRestaurants)
2024-07-25 17:31:08 DEBUG  Running with Spring Boot v3.3.0, Spring v6.1.8
2024-07-25 17:31:08 INFO   No active profile set, falling back to 1 default profile: "default"
2024-07-25 17:31:11 INFO   Bootstrapping Spring Data JPA repositories in DEFAULT mode.
2024-07-25 17:31:11 INFO   Finished Spring Data repository scanning in 330 ms. Found 9 JPA repository interfaces.
2024-07-25 17:31:13 INFO   Tomcat initialized with port 8080 (http)
2024-07-25 17:31:13 INFO   Initializing ProtocolHandler ["http-nio-8080"]
2024-07-25 17:31:13 INFO   Starting service [Tomcat]
2024-07-25 17:31:13 INFO   Starting Servlet engine: [Apache Tomcat/10.1.24]
2024-07-25 17:31:13 INFO   Initializing Spring embedded WebApplicationContext
2024-07-25 17:31:13 INFO   Root WebApplicationContext: initialization completed in 4732 ms
2024-07-25 17:31:14 INFO   HikariPool-1 - Starting...
2024-07-25 17:31:15 INFO   HikariPool-1 - Added connection com.mysql.cj.jdbc.ConnectionImpl@361b3ca6
2024-07-25 17:31:15 INFO   HikariPool-1 - Start completed.
2024-07-25 17:31:16 INFO   Reading from restaurant_db.databasechangelog
2024-07-25 17:31:16 INFO   Database is up to date, no changesets to execute
2024-07-25 17:31:16 INFO   Reading from restaurant_db.databasechangelog
2024-07-25 17:31:16 INFO   UPDATE SUMMARY
2024-07-25 17:31:16 INFO   Run:                          0
2024-07-25 17:31:16 INFO   Previously run:              45
2024-07-25 17:31:16 INFO   Filtered out:                 0
2024-07-25 17:31:16 INFO   -------------------------------
2024-07-25 17:31:16 INFO   Total change sets:           45
2024-07-25 17:31:16 INFO   Update summary generated
2024-07-25 17:31:16 INFO   Successfully released change log lock
2024-07-25 17:31:16 INFO   Command execution complete
2024-07-25 17:31:17 INFO   No LoadTimeWeaver setup: ignoring JPA class transformer
2024-07-25 17:31:19 INFO   Initialized JPA EntityManagerFactory for persistence unit 'default'
2024-07-25 17:31:20 DEBUG  Filter 'jwtAuthenticationFilter' configured for use
2024-07-25 17:31:21 INFO   Hibernate is in classpath; If applicable, HQL parser will be used.
2024-07-25 17:31:22 WARN   spring.jpa.open-in-view is enabled by default. Therefore, database queries may be performed during view rendering. Explicitly configure spring.jpa.open-in-view to disable this warning
2024-07-25 17:31:22 INFO   Global AuthenticationManager configured with AuthenticationProvider bean with name authenticationProvider
2024-07-25 17:31:22 WARN   Global AuthenticationManager configured with an AuthenticationProvider bean. UserDetailsService beans will not be used for username/password login. Consider removing the AuthenticationProvider bean. Alternatively, consider using the UserDetailsService in a manually instantiated DaoAuthenticationProvider.
2024-07-25 17:31:23 INFO   Exposing 3 endpoints beneath base path '/actuator'
2024-07-25 17:31:24 INFO   Will secure any request with [org.springframework.security.web.session.DisableEncodeUrlFilter@7cb8ae89, org.springframework.security.web.context.request.async.WebAsyncManagerIntegrationFilter@bf56981, org.springframework.security.web.context.SecurityContextHolderFilter@6dd65379, org.springframework.security.web.header.HeaderWriterFilter@2c271689, org.springframework.web.filter.CorsFilter@5db9952b, org.springframework.security.web.authentication.logout.LogoutFilter@5c9aff2, com.orioninc.ProjectRestaurants.auth.webtoken.JwtAuthenticationFilter$$SpringCGLIB$$0@34ec33f4, org.springframework.security.web.authentication.UsernamePasswordAuthenticationFilter@7459002d, org.springframework.security.web.authentication.ui.DefaultLoginPageGeneratingFilter@1e1424e9, org.springframework.security.web.authentication.ui.DefaultLogoutPageGeneratingFilter@36f9d1c3, org.springframework.security.web.authentication.www.BasicAuthenticationFilter@31a89b54, org.springframework.security.web.savedrequest.RequestCacheAwareFilter@43aae476, org.springframework.security.web.servletapi.SecurityContextHolderAwareRequestFilter@66325a4d, org.springframework.security.web.authentication.AnonymousAuthenticationFilter@f0ced73, org.springframework.security.web.access.ExceptionTranslationFilter@e9b227f, org.springframework.security.web.access.intercept.AuthorizationFilter@3c176ee]
2024-07-25 17:31:25 INFO   Starting ProtocolHandler ["http-nio-8080"]
2024-07-25 17:31:25 INFO   Tomcat started on port 8080 (http) with context path '/'
2024-07-25 17:31:25 INFO   Started ProjectRestaurantsApplication in 17.335 seconds (process running for 19.289)
2024-07-25 17:31:40 INFO   Initializing Spring DispatcherServlet 'dispatcherServlet'
2024-07-25 17:31:40 INFO   Initializing Servlet 'dispatcherServlet'
2024-07-25 17:31:40 INFO   Completed initialization in 1 ms
2024-07-25 17:31:40 DEBUG  Exit: com.orioninc.ProjectRestaurants.auth.webtoken.JwtService.extractUsername() with result = admin1
2024-07-25 17:31:40 DEBUG  Exit: com.orioninc.ProjectRestaurants.repository.UserRepository.findByUsername() with result = Optional[com.orioninc.ProjectRestaurants.model.User@36c98dce]
2024-07-25 17:31:40 DEBUG admin1 Exit: com.orioninc.ProjectRestaurants.auth.MyUserDetailsService.loadUserByUsername() with result = com.orioninc.ProjectRestaurants.auth.MyUserDetails@631dd69a
2024-07-25 17:31:40 DEBUG admin1 Exit: com.orioninc.ProjectRestaurants.auth.webtoken.JwtService.isTokenValid() with result = true
2024-07-25 17:31:40 DEBUG admin1 Exit: com.orioninc.ProjectRestaurants.DTO.restaurant.RestaurantResponseDTOMapper.apply() with result = RestaurantDTO[restaurantName=Santino Moreno, restaurantType=CHEAP]
2024-07-25 17:31:40 DEBUG admin1 Exit: com.orioninc.ProjectRestaurants.DTO.restaurant.RestaurantResponseDTOMapper.apply() with result = RestaurantDTO[restaurantName=Pachamama Dinner Club, restaurantType=MEDIUM]
2024-07-25 17:31:40 DEBUG admin1 Exit: com.orioninc.ProjectRestaurants.DTO.restaurant.RestaurantResponseDTOMapper.apply() with result = RestaurantDTO[restaurantName=Amandus, restaurantType=ELITE]
2024-07-25 17:31:40 DEBUG admin1 Exit: com.orioninc.ProjectRestaurants.service.implementation.RestaurantServiceImpl.getAllRestaurants() with result = [RestaurantDTO[restaurantName=Santino Moreno, restaurantType=CHEAP], RestaurantDTO[restaurantName=Pachamama Dinner Club, restaurantType=MEDIUM], RestaurantDTO[restaurantName=Amandus, restaurantType=ELITE]]
2024-07-25 17:32:18 INFO   Starting ProjectRestaurantsApplication using Java 21.0.3 with PID 14564 (C:\Users\vjelis\IdeaProjects\ProjectRestaurants\build\classes\java\main started by vjelis in C:\Users\vjelis\IdeaProjects\ProjectRestaurants)
2024-07-25 17:32:18 DEBUG  Running with Spring Boot v3.3.0, Spring v6.1.8
2024-07-25 17:32:18 INFO   No active profile set, falling back to 1 default profile: "default"
2024-07-25 17:32:20 INFO   Bootstrapping Spring Data JPA repositories in DEFAULT mode.
2024-07-25 17:32:20 INFO   Finished Spring Data repository scanning in 252 ms. Found 9 JPA repository interfaces.
2024-07-25 17:32:22 INFO   Tomcat initialized with port 8080 (http)
2024-07-25 17:32:22 INFO   Initializing ProtocolHandler ["http-nio-8080"]
2024-07-25 17:32:22 INFO   Starting service [Tomcat]
2024-07-25 17:32:22 INFO   Starting Servlet engine: [Apache Tomcat/10.1.24]
2024-07-25 17:32:22 INFO   Initializing Spring embedded WebApplicationContext
2024-07-25 17:32:22 INFO   Root WebApplicationContext: initialization completed in 3916 ms
2024-07-25 17:32:23 INFO   HikariPool-1 - Starting...
2024-07-25 17:32:24 INFO   HikariPool-1 - Added connection com.mysql.cj.jdbc.ConnectionImpl@de63949
2024-07-25 17:32:24 INFO   HikariPool-1 - Start completed.
2024-07-25 17:32:25 INFO   Reading from restaurant_db.databasechangelog
2024-07-25 17:32:25 INFO   Database is up to date, no changesets to execute
2024-07-25 17:32:25 INFO   Reading from restaurant_db.databasechangelog
2024-07-25 17:32:25 INFO   UPDATE SUMMARY
2024-07-25 17:32:25 INFO   Run:                          0
2024-07-25 17:32:25 INFO   Previously run:              45
2024-07-25 17:32:25 INFO   Filtered out:                 0
2024-07-25 17:32:25 INFO   -------------------------------
2024-07-25 17:32:25 INFO   Total change sets:           45
2024-07-25 17:32:25 INFO   Update summary generated
2024-07-25 17:32:25 INFO   Successfully released change log lock
2024-07-25 17:32:25 INFO   Command execution complete
2024-07-25 17:32:26 INFO   No LoadTimeWeaver setup: ignoring JPA class transformer
2024-07-25 17:32:28 INFO   Initialized JPA EntityManagerFactory for persistence unit 'default'
2024-07-25 17:32:29 DEBUG  Filter 'jwtAuthenticationFilter' configured for use
2024-07-25 17:32:29 INFO   Hibernate is in classpath; If applicable, HQL parser will be used.
2024-07-25 17:34:42 INFO   Starting ProjectRestaurantsApplication using Java 21.0.3 with PID 13360 (C:\Users\vjelis\IdeaProjects\ProjectRestaurants\build\classes\java\main started by vjelis in C:\Users\vjelis\IdeaProjects\ProjectRestaurants)
2024-07-25 17:34:42 DEBUG  Running with Spring Boot v3.3.0, Spring v6.1.8
2024-07-25 17:34:42 INFO   No active profile set, falling back to 1 default profile: "default"
2024-07-25 17:34:45 INFO   Bootstrapping Spring Data JPA repositories in DEFAULT mode.
2024-07-25 17:34:45 INFO   Finished Spring Data repository scanning in 303 ms. Found 9 JPA repository interfaces.
2024-07-25 17:35:11 INFO   Starting ProjectRestaurantsApplication using Java 21.0.3 with PID 1480 (C:\Users\vjelis\IdeaProjects\ProjectRestaurants\build\classes\java\main started by vjelis in C:\Users\vjelis\IdeaProjects\ProjectRestaurants)
2024-07-25 17:35:11 DEBUG  Running with Spring Boot v3.3.0, Spring v6.1.8
2024-07-25 17:35:11 INFO   No active profile set, falling back to 1 default profile: "default"
2024-07-25 17:35:13 INFO   Bootstrapping Spring Data JPA repositories in DEFAULT mode.
2024-07-25 17:35:13 INFO   Finished Spring Data repository scanning in 245 ms. Found 9 JPA repository interfaces.
2024-07-25 17:35:15 INFO   Tomcat initialized with port 8080 (http)
2024-07-25 17:35:15 INFO   Initializing ProtocolHandler ["http-nio-8080"]
2024-07-25 17:35:15 INFO   Starting service [Tomcat]
2024-07-25 17:35:15 INFO   Starting Servlet engine: [Apache Tomcat/10.1.24]
2024-07-25 17:35:15 INFO   Initializing Spring embedded WebApplicationContext
2024-07-25 17:35:15 INFO   Root WebApplicationContext: initialization completed in 4106 ms
2024-07-25 17:35:16 INFO   HikariPool-1 - Starting...
2024-07-25 17:35:17 INFO   HikariPool-1 - Added connection com.mysql.cj.jdbc.ConnectionImpl@a2fb8a5
2024-07-25 17:35:17 INFO   HikariPool-1 - Start completed.
2024-07-25 17:35:19 INFO   Reading from restaurant_db.databasechangelog
2024-07-25 17:35:19 INFO   Database is up to date, no changesets to execute
2024-07-25 17:35:19 INFO   Reading from restaurant_db.databasechangelog
2024-07-25 17:35:19 INFO   UPDATE SUMMARY
2024-07-25 17:35:19 INFO   Run:                          0
2024-07-25 17:35:19 INFO   Previously run:              45
2024-07-25 17:35:19 INFO   Filtered out:                 0
2024-07-25 17:35:19 INFO   -------------------------------
2024-07-25 17:35:19 INFO   Total change sets:           45
2024-07-25 17:35:19 INFO   Update summary generated
2024-07-25 17:35:19 INFO   Successfully released change log lock
2024-07-25 17:35:19 INFO   Command execution complete
2024-07-25 17:35:20 INFO   No LoadTimeWeaver setup: ignoring JPA class transformer
2024-07-25 17:35:22 INFO   Initialized JPA EntityManagerFactory for persistence unit 'default'
2024-07-25 17:35:23 DEBUG  Filter 'jwtAuthenticationFilter' configured for use
2024-07-25 17:35:23 INFO   Hibernate is in classpath; If applicable, HQL parser will be used.
2024-07-25 17:35:25 WARN   spring.jpa.open-in-view is enabled by default. Therefore, database queries may be performed during view rendering. Explicitly configure spring.jpa.open-in-view to disable this warning
2024-07-25 17:35:25 INFO   Global AuthenticationManager configured with AuthenticationProvider bean with name authenticationProvider
2024-07-25 17:35:25 WARN   Global AuthenticationManager configured with an AuthenticationProvider bean. UserDetailsService beans will not be used for username/password login. Consider removing the AuthenticationProvider bean. Alternatively, consider using the UserDetailsService in a manually instantiated DaoAuthenticationProvider.
2024-07-25 17:35:26 INFO   Exposing 3 endpoints beneath base path '/actuator'
2024-07-25 17:35:26 INFO   Will secure any request with [org.springframework.security.web.session.DisableEncodeUrlFilter@75b41ff3, org.springframework.security.web.context.request.async.WebAsyncManagerIntegrationFilter@61bb5770, org.springframework.security.web.context.SecurityContextHolderFilter@604c9f59, org.springframework.security.web.header.HeaderWriterFilter@74f70a7b, org.springframework.web.filter.CorsFilter@1f5246e2, org.springframework.security.web.authentication.logout.LogoutFilter@59c68ed3, com.orioninc.ProjectRestaurants.auth.webtoken.JwtAuthenticationFilter$$SpringCGLIB$$0@448861e5, org.springframework.security.web.authentication.UsernamePasswordAuthenticationFilter@7c53d3c, org.springframework.security.web.authentication.ui.DefaultLoginPageGeneratingFilter@67988d92, org.springframework.security.web.authentication.ui.DefaultLogoutPageGeneratingFilter@2b34a1e0, org.springframework.security.web.authentication.www.BasicAuthenticationFilter@1c66272b, org.springframework.security.web.savedrequest.RequestCacheAwareFilter@7238072e, org.springframework.security.web.servletapi.SecurityContextHolderAwareRequestFilter@4e33a209, org.springframework.security.web.authentication.AnonymousAuthenticationFilter@7eaa78f2, org.springframework.security.web.access.ExceptionTranslationFilter@368a26dd, org.springframework.security.web.access.intercept.AuthorizationFilter@2eb3e308]
2024-07-25 17:35:27 INFO   Starting ProtocolHandler ["http-nio-8080"]
2024-07-25 17:35:27 INFO   Tomcat started on port 8080 (http) with context path '/'
2024-07-25 17:35:27 INFO   Started ProjectRestaurantsApplication in 16.496 seconds (process running for 17.881)
2024-07-25 17:35:30 INFO   Initializing Spring DispatcherServlet 'dispatcherServlet'
2024-07-25 17:35:30 INFO   Initializing Servlet 'dispatcherServlet'
2024-07-25 17:35:30 INFO   Completed initialization in 1 ms
2024-07-25 17:35:30 DEBUG  Exit: com.orioninc.ProjectRestaurants.auth.webtoken.JwtService.extractUsername() with result = admin1
2024-07-25 17:35:30 DEBUG  Exit: com.orioninc.ProjectRestaurants.repository.UserRepository.findByUsername() with result = Optional[com.orioninc.ProjectRestaurants.model.User@1666f616]
2024-07-25 17:35:30 DEBUG admin1 Exit: com.orioninc.ProjectRestaurants.auth.MyUserDetailsService.loadUserByUsername() with result = com.orioninc.ProjectRestaurants.auth.MyUserDetails@4462da4d
2024-07-25 17:35:30 DEBUG admin1 Exit: com.orioninc.ProjectRestaurants.auth.webtoken.JwtService.isTokenValid() with result = true
2024-07-25 17:35:31 DEBUG admin1 Exit: com.orioninc.ProjectRestaurants.DTO.restaurant.RestaurantResponseDTOMapper.apply() with result = RestaurantDTO[restaurantName=Santino Moreno, restaurantType=CHEAP]
2024-07-25 17:35:31 DEBUG admin1 Exit: com.orioninc.ProjectRestaurants.DTO.restaurant.RestaurantResponseDTOMapper.apply() with result = RestaurantDTO[restaurantName=Pachamama Dinner Club, restaurantType=MEDIUM]
2024-07-25 17:35:31 DEBUG admin1 Exit: com.orioninc.ProjectRestaurants.DTO.restaurant.RestaurantResponseDTOMapper.apply() with result = RestaurantDTO[restaurantName=Amandus, restaurantType=ELITE]
2024-07-25 17:35:31 DEBUG admin1 Exit: com.orioninc.ProjectRestaurants.service.implementation.RestaurantServiceImpl.getAllRestaurants() with result = [RestaurantDTO[restaurantName=Santino Moreno, restaurantType=CHEAP], RestaurantDTO[restaurantName=Pachamama Dinner Club, restaurantType=MEDIUM], RestaurantDTO[restaurantName=Amandus, restaurantType=ELITE]]
2024-07-25 17:35:36 DEBUG  Exit: com.orioninc.ProjectRestaurants.auth.webtoken.JwtService.extractUsername() with result = admin1
2024-07-25 17:35:36 DEBUG  Exit: com.orioninc.ProjectRestaurants.repository.UserRepository.findByUsername() with result = Optional[com.orioninc.ProjectRestaurants.model.User@9f7d82e]
2024-07-25 17:35:36 DEBUG admin1 Exit: com.orioninc.ProjectRestaurants.auth.MyUserDetailsService.loadUserByUsername() with result = com.orioninc.ProjectRestaurants.auth.MyUserDetails@77e40269
2024-07-25 17:35:36 DEBUG admin1 Exit: com.orioninc.ProjectRestaurants.auth.webtoken.JwtService.isTokenValid() with result = true
2024-07-25 17:35:36 DEBUG admin1 Exit: com.orioninc.ProjectRestaurants.DTO.restaurant.RestaurantResponseDTOMapper.apply() with result = RestaurantDTO[restaurantName=Santino Moreno, restaurantType=CHEAP]
2024-07-25 17:35:36 DEBUG admin1 Exit: com.orioninc.ProjectRestaurants.DTO.restaurant.RestaurantResponseDTOMapper.apply() with result = RestaurantDTO[restaurantName=Pachamama Dinner Club, restaurantType=MEDIUM]
2024-07-25 17:35:36 DEBUG admin1 Exit: com.orioninc.ProjectRestaurants.DTO.restaurant.RestaurantResponseDTOMapper.apply() with result = RestaurantDTO[restaurantName=Amandus, restaurantType=ELITE]
2024-07-25 17:35:36 DEBUG admin1 Exit: com.orioninc.ProjectRestaurants.service.implementation.RestaurantServiceImpl.getAllRestaurants() with result = [RestaurantDTO[restaurantName=Santino Moreno, restaurantType=CHEAP], RestaurantDTO[restaurantName=Pachamama Dinner Club, restaurantType=MEDIUM], RestaurantDTO[restaurantName=Amandus, restaurantType=ELITE]]
2024-07-25 17:38:47 INFO   Starting ProjectRestaurantsApplication using Java 21.0.3 with PID 17340 (C:\Users\vjelis\IdeaProjects\ProjectRestaurants\build\classes\java\main started by vjelis in C:\Users\vjelis\IdeaProjects\ProjectRestaurants)
2024-07-25 17:38:47 DEBUG  Running with Spring Boot v3.3.0, Spring v6.1.8
2024-07-25 17:38:47 INFO   No active profile set, falling back to 1 default profile: "default"
2024-07-25 17:38:49 INFO   Bootstrapping Spring Data JPA repositories in DEFAULT mode.
2024-07-25 17:38:50 INFO   Finished Spring Data repository scanning in 250 ms. Found 9 JPA repository interfaces.
2024-07-25 17:38:51 INFO   Tomcat initialized with port 8080 (http)
2024-07-25 17:38:51 INFO   Initializing ProtocolHandler ["http-nio-8080"]
2024-07-25 17:38:51 INFO   Starting service [Tomcat]
2024-07-25 17:38:51 INFO   Starting Servlet engine: [Apache Tomcat/10.1.24]
2024-07-25 17:38:52 INFO   Initializing Spring embedded WebApplicationContext
2024-07-25 17:38:52 INFO   Root WebApplicationContext: initialization completed in 4065 ms
2024-07-25 17:38:52 INFO   HikariPool-1 - Starting...
2024-07-25 17:38:53 INFO   HikariPool-1 - Added connection com.mysql.cj.jdbc.ConnectionImpl@2520010e
2024-07-25 17:38:53 INFO   HikariPool-1 - Start completed.
2024-07-25 17:38:54 INFO   Reading from restaurant_db.databasechangelog
2024-07-25 17:38:55 INFO   Database is up to date, no changesets to execute
2024-07-25 17:38:55 INFO   Reading from restaurant_db.databasechangelog
2024-07-25 17:38:55 INFO   UPDATE SUMMARY
2024-07-25 17:38:55 INFO   Run:                          0
2024-07-25 17:38:55 INFO   Previously run:              45
2024-07-25 17:38:55 INFO   Filtered out:                 0
2024-07-25 17:38:55 INFO   -------------------------------
2024-07-25 17:38:55 INFO   Total change sets:           45
2024-07-25 17:38:55 INFO   Update summary generated
2024-07-25 17:38:55 INFO   Successfully released change log lock
2024-07-25 17:38:55 INFO   Command execution complete
2024-07-25 17:39:23 INFO   Starting ProjectRestaurantsApplication using Java 21.0.3 with PID 8636 (C:\Users\vjelis\IdeaProjects\ProjectRestaurants\build\classes\java\main started by vjelis in C:\Users\vjelis\IdeaProjects\ProjectRestaurants)
2024-07-25 17:39:23 DEBUG  Running with Spring Boot v3.3.0, Spring v6.1.8
2024-07-25 17:39:23 INFO   No active profile set, falling back to 1 default profile: "default"
2024-07-25 17:39:25 INFO   Bootstrapping Spring Data JPA repositories in DEFAULT mode.
2024-07-25 17:39:25 INFO   Finished Spring Data repository scanning in 230 ms. Found 9 JPA repository interfaces.
2024-07-25 17:39:27 INFO   Tomcat initialized with port 8080 (http)
2024-07-25 17:39:27 INFO   Initializing ProtocolHandler ["http-nio-8080"]
2024-07-25 17:39:27 INFO   Starting service [Tomcat]
2024-07-25 17:39:27 INFO   Starting Servlet engine: [Apache Tomcat/10.1.24]
2024-07-25 17:39:27 INFO   Initializing Spring embedded WebApplicationContext
2024-07-25 17:39:27 INFO   Root WebApplicationContext: initialization completed in 3879 ms
2024-07-25 17:39:28 INFO   HikariPool-1 - Starting...
2024-07-25 17:39:28 INFO   HikariPool-1 - Added connection com.mysql.cj.jdbc.ConnectionImpl@4be1dce6
2024-07-25 17:39:28 INFO   HikariPool-1 - Start completed.
2024-07-25 17:39:30 INFO   Reading from restaurant_db.databasechangelog
2024-07-25 17:39:30 INFO   Database is up to date, no changesets to execute
2024-07-25 17:39:30 INFO   Reading from restaurant_db.databasechangelog
2024-07-25 17:39:30 INFO   UPDATE SUMMARY
2024-07-25 17:39:30 INFO   Run:                          0
2024-07-25 17:39:30 INFO   Previously run:              45
2024-07-25 17:39:30 INFO   Filtered out:                 0
2024-07-25 17:39:30 INFO   -------------------------------
2024-07-25 17:39:30 INFO   Total change sets:           45
2024-07-25 17:39:30 INFO   Update summary generated
2024-07-25 17:39:30 INFO   Successfully released change log lock
2024-07-25 17:39:30 INFO   Command execution complete
2024-07-25 17:39:31 INFO   No LoadTimeWeaver setup: ignoring JPA class transformer
2024-07-25 17:39:33 INFO   Initialized JPA EntityManagerFactory for persistence unit 'default'
2024-07-25 17:39:34 DEBUG  Filter 'jwtAuthenticationFilter' configured for use
2024-07-25 17:39:34 INFO   Hibernate is in classpath; If applicable, HQL parser will be used.
2024-07-25 17:39:36 WARN   spring.jpa.open-in-view is enabled by default. Therefore, database queries may be performed during view rendering. Explicitly configure spring.jpa.open-in-view to disable this warning
2024-07-25 17:39:36 INFO   Global AuthenticationManager configured with AuthenticationProvider bean with name authenticationProvider
2024-07-25 17:39:36 WARN   Global AuthenticationManager configured with an AuthenticationProvider bean. UserDetailsService beans will not be used for username/password login. Consider removing the AuthenticationProvider bean. Alternatively, consider using the UserDetailsService in a manually instantiated DaoAuthenticationProvider.
2024-07-25 17:39:37 INFO   Exposing 3 endpoints beneath base path '/actuator'
2024-07-25 17:39:37 INFO   Will secure any request with [org.springframework.security.web.session.DisableEncodeUrlFilter@1c98d788, org.springframework.security.web.context.request.async.WebAsyncManagerIntegrationFilter@51f1e931, org.springframework.security.web.context.SecurityContextHolderFilter@ac41f1, org.springframework.security.web.header.HeaderWriterFilter@5ff9bed6, org.springframework.web.filter.CorsFilter@606beba4, org.springframework.security.web.authentication.logout.LogoutFilter@2ddc5c07, com.orioninc.ProjectRestaurants.auth.webtoken.JwtAuthenticationFilter$$SpringCGLIB$$0@5e388a77, org.springframework.security.web.authentication.UsernamePasswordAuthenticationFilter@2e145f7b, org.springframework.security.web.authentication.ui.DefaultLoginPageGeneratingFilter@3ad7a94, org.springframework.security.web.authentication.ui.DefaultLogoutPageGeneratingFilter@58d33d5d, org.springframework.security.web.authentication.www.BasicAuthenticationFilter@bf56981, org.springframework.security.web.savedrequest.RequestCacheAwareFilter@51c4bfea, org.springframework.security.web.servletapi.SecurityContextHolderAwareRequestFilter@379bc95e, org.springframework.security.web.authentication.AnonymousAuthenticationFilter@22d9558, org.springframework.security.web.access.ExceptionTranslationFilter@6dd65379, org.springframework.security.web.access.intercept.AuthorizationFilter@7343df40]
2024-07-25 17:39:39 INFO   Starting ProtocolHandler ["http-nio-8080"]
2024-07-25 17:39:39 INFO   Tomcat started on port 8080 (http) with context path '/'
2024-07-25 17:39:39 INFO   Started ProjectRestaurantsApplication in 16.328 seconds (process running for 17.67)
2024-07-25 17:39:43 INFO   Initializing Spring DispatcherServlet 'dispatcherServlet'
2024-07-25 17:39:43 INFO   Initializing Servlet 'dispatcherServlet'
2024-07-25 17:39:43 INFO   Completed initialization in 4 ms
2024-07-25 17:39:43 ERROR  Exception in com.orioninc.ProjectRestaurants.auth.webtoken.JwtService.extractUsername() with cause = NULL
2024-07-25 17:39:43 ERROR  Servlet.service() for servlet [dispatcherServlet] in context with path [] threw exception
io.jsonwebtoken.ExpiredJwtException: JWT expired 54942 milliseconds ago at 2024-07-25T14:38:49.000Z. Current time: 2024-07-25T14:39:43.942Z. Allowed clock skew: 0 milliseconds.
	at io.jsonwebtoken.impl.DefaultJwtParser.parse(DefaultJwtParser.java:682) ~[jjwt-impl-0.12.5.jar:0.12.5]
	at io.jsonwebtoken.impl.DefaultJwtParser.parse(DefaultJwtParser.java:362) ~[jjwt-impl-0.12.5.jar:0.12.5]
	at io.jsonwebtoken.impl.DefaultJwtParser.parse(DefaultJwtParser.java:94) ~[jjwt-impl-0.12.5.jar:0.12.5]
	at io.jsonwebtoken.impl.io.AbstractParser.parse(AbstractParser.java:36) ~[jjwt-impl-0.12.5.jar:0.12.5]
	at io.jsonwebtoken.impl.io.AbstractParser.parse(AbstractParser.java:29) ~[jjwt-impl-0.12.5.jar:0.12.5]
	at io.jsonwebtoken.impl.DefaultJwtParser.parseSignedClaims(DefaultJwtParser.java:821) ~[jjwt-impl-0.12.5.jar:0.12.5]
	at com.orioninc.ProjectRestaurants.auth.webtoken.JwtService.getClaims(JwtService.java:59) ~[main/:?]
	at com.orioninc.ProjectRestaurants.auth.webtoken.JwtService.extractUsername(JwtService.java:54) ~[main/:?]
	at java.base/jdk.internal.reflect.DirectMethodHandleAccessor.invoke(DirectMethodHandleAccessor.java:103) ~[?:?]
	at java.base/java.lang.reflect.Method.invoke(Method.java:580) ~[?:?]
	at org.springframework.aop.support.AopUtils.invokeJoinpointUsingReflection(AopUtils.java:354) ~[spring-aop-6.1.8.jar:6.1.8]
	at org.springframework.aop.framework.ReflectiveMethodInvocation.invokeJoinpoint(ReflectiveMethodInvocation.java:196) ~[spring-aop-6.1.8.jar:6.1.8]
	at org.springframework.aop.framework.ReflectiveMethodInvocation.proceed(ReflectiveMethodInvocation.java:163) ~[spring-aop-6.1.8.jar:6.1.8]
	at org.springframework.aop.framework.CglibAopProxy$CglibMethodInvocation.proceed(CglibAopProxy.java:768) ~[spring-aop-6.1.8.jar:6.1.8]
	at org.springframework.aop.aspectj.AspectJAfterThrowingAdvice.invoke(AspectJAfterThrowingAdvice.java:64) ~[spring-aop-6.1.8.jar:6.1.8]
	at org.springframework.aop.framework.ReflectiveMethodInvocation.proceed(ReflectiveMethodInvocation.java:184) ~[spring-aop-6.1.8.jar:6.1.8]
	at org.springframework.aop.framework.CglibAopProxy$CglibMethodInvocation.proceed(CglibAopProxy.java:768) ~[spring-aop-6.1.8.jar:6.1.8]
	at org.springframework.aop.aspectj.MethodInvocationProceedingJoinPoint.proceed(MethodInvocationProceedingJoinPoint.java:89) ~[spring-aop-6.1.8.jar:6.1.8]
	at com.orioninc.ProjectRestaurants.aspect.LoggingAdvice.logAround(LoggingAdvice.java:76) ~[main/:?]
	at java.base/jdk.internal.reflect.DirectMethodHandleAccessor.invoke(DirectMethodHandleAccessor.java:103) ~[?:?]
	at java.base/java.lang.reflect.Method.invoke(Method.java:580) ~[?:?]
	at org.springframework.aop.aspectj.AbstractAspectJAdvice.invokeAdviceMethodWithGivenArgs(AbstractAspectJAdvice.java:637) ~[spring-aop-6.1.8.jar:6.1.8]
	at org.springframework.aop.aspectj.AbstractAspectJAdvice.invokeAdviceMethod(AbstractAspectJAdvice.java:627) ~[spring-aop-6.1.8.jar:6.1.8]
	at org.springframework.aop.aspectj.AspectJAroundAdvice.invoke(AspectJAroundAdvice.java:71) ~[spring-aop-6.1.8.jar:6.1.8]
	at org.springframework.aop.framework.ReflectiveMethodInvocation.proceed(ReflectiveMethodInvocation.java:184) ~[spring-aop-6.1.8.jar:6.1.8]
	at org.springframework.aop.framework.CglibAopProxy$CglibMethodInvocation.proceed(CglibAopProxy.java:768) ~[spring-aop-6.1.8.jar:6.1.8]
	at org.springframework.aop.interceptor.ExposeInvocationInterceptor.invoke(ExposeInvocationInterceptor.java:97) ~[spring-aop-6.1.8.jar:6.1.8]
	at org.springframework.aop.framework.ReflectiveMethodInvocation.proceed(ReflectiveMethodInvocation.java:184) ~[spring-aop-6.1.8.jar:6.1.8]
	at org.springframework.aop.framework.CglibAopProxy$CglibMethodInvocation.proceed(CglibAopProxy.java:768) ~[spring-aop-6.1.8.jar:6.1.8]
	at org.springframework.aop.framework.CglibAopProxy$DynamicAdvisedInterceptor.intercept(CglibAopProxy.java:720) ~[spring-aop-6.1.8.jar:6.1.8]
	at com.orioninc.ProjectRestaurants.auth.webtoken.JwtService$$SpringCGLIB$$0.extractUsername(<generated>) ~[main/:?]
	at com.orioninc.ProjectRestaurants.auth.webtoken.JwtAuthenticationFilter.doFilterInternal(JwtAuthenticationFilter.java:41) ~[main/:?]
	at org.springframework.web.filter.OncePerRequestFilter.doFilter(OncePerRequestFilter.java:116) ~[spring-web-6.1.8.jar:6.1.8]
	at org.springframework.security.web.ObservationFilterChainDecorator$ObservationFilter.wrapFilter(ObservationFilterChainDecorator.java:240) ~[spring-security-web-6.3.0.jar:6.3.0]
	at org.springframework.security.web.ObservationFilterChainDecorator$ObservationFilter.doFilter(ObservationFilterChainDecorator.java:227) ~[spring-security-web-6.3.0.jar:6.3.0]
	at org.springframework.security.web.ObservationFilterChainDecorator$VirtualFilterChain.doFilter(ObservationFilterChainDecorator.java:137) ~[spring-security-web-6.3.0.jar:6.3.0]
	at org.springframework.security.web.authentication.logout.LogoutFilter.doFilter(LogoutFilter.java:107) ~[spring-security-web-6.3.0.jar:6.3.0]
	at org.springframework.security.web.authentication.logout.LogoutFilter.doFilter(LogoutFilter.java:93) ~[spring-security-web-6.3.0.jar:6.3.0]
	at org.springframework.security.web.ObservationFilterChainDecorator$ObservationFilter.wrapFilter(ObservationFilterChainDecorator.java:240) ~[spring-security-web-6.3.0.jar:6.3.0]
	at org.springframework.security.web.ObservationFilterChainDecorator$ObservationFilter.doFilter(ObservationFilterChainDecorator.java:227) ~[spring-security-web-6.3.0.jar:6.3.0]
	at org.springframework.security.web.ObservationFilterChainDecorator$VirtualFilterChain.doFilter(ObservationFilterChainDecorator.java:137) ~[spring-security-web-6.3.0.jar:6.3.0]
	at org.springframework.web.filter.CorsFilter.doFilterInternal(CorsFilter.java:91) ~[spring-web-6.1.8.jar:6.1.8]
	at org.springframework.web.filter.OncePerRequestFilter.doFilter(OncePerRequestFilter.java:116) ~[spring-web-6.1.8.jar:6.1.8]
	at org.springframework.security.web.ObservationFilterChainDecorator$ObservationFilter.wrapFilter(ObservationFilterChainDecorator.java:240) ~[spring-security-web-6.3.0.jar:6.3.0]
	at org.springframework.security.web.ObservationFilterChainDecorator$ObservationFilter.doFilter(ObservationFilterChainDecorator.java:227) ~[spring-security-web-6.3.0.jar:6.3.0]
	at org.springframework.security.web.ObservationFilterChainDecorator$VirtualFilterChain.doFilter(ObservationFilterChainDecorator.java:137) ~[spring-security-web-6.3.0.jar:6.3.0]
	at org.springframework.security.web.header.HeaderWriterFilter.doHeadersAfter(HeaderWriterFilter.java:90) ~[spring-security-web-6.3.0.jar:6.3.0]
	at org.springframework.security.web.header.HeaderWriterFilter.doFilterInternal(HeaderWriterFilter.java:75) ~[spring-security-web-6.3.0.jar:6.3.0]
	at org.springframework.web.filter.OncePerRequestFilter.doFilter(OncePerRequestFilter.java:116) ~[spring-web-6.1.8.jar:6.1.8]
	at org.springframework.security.web.ObservationFilterChainDecorator$ObservationFilter.wrapFilter(ObservationFilterChainDecorator.java:240) ~[spring-security-web-6.3.0.jar:6.3.0]
	at org.springframework.security.web.ObservationFilterChainDecorator$ObservationFilter.doFilter(ObservationFilterChainDecorator.java:227) ~[spring-security-web-6.3.0.jar:6.3.0]
	at org.springframework.security.web.ObservationFilterChainDecorator$VirtualFilterChain.doFilter(ObservationFilterChainDecorator.java:137) ~[spring-security-web-6.3.0.jar:6.3.0]
	at org.springframework.security.web.context.SecurityContextHolderFilter.doFilter(SecurityContextHolderFilter.java:82) ~[spring-security-web-6.3.0.jar:6.3.0]
	at org.springframework.security.web.context.SecurityContextHolderFilter.doFilter(SecurityContextHolderFilter.java:69) ~[spring-security-web-6.3.0.jar:6.3.0]
	at org.springframework.security.web.ObservationFilterChainDecorator$ObservationFilter.wrapFilter(ObservationFilterChainDecorator.java:240) ~[spring-security-web-6.3.0.jar:6.3.0]
	at org.springframework.security.web.ObservationFilterChainDecorator$ObservationFilter.doFilter(ObservationFilterChainDecorator.java:227) ~[spring-security-web-6.3.0.jar:6.3.0]
	at org.springframework.security.web.ObservationFilterChainDecorator$VirtualFilterChain.doFilter(ObservationFilterChainDecorator.java:137) ~[spring-security-web-6.3.0.jar:6.3.0]
	at org.springframework.security.web.context.request.async.WebAsyncManagerIntegrationFilter.doFilterInternal(WebAsyncManagerIntegrationFilter.java:62) ~[spring-security-web-6.3.0.jar:6.3.0]
	at org.springframework.web.filter.OncePerRequestFilter.doFilter(OncePerRequestFilter.java:116) ~[spring-web-6.1.8.jar:6.1.8]
	at org.springframework.security.web.ObservationFilterChainDecorator$ObservationFilter.wrapFilter(ObservationFilterChainDecorator.java:240) ~[spring-security-web-6.3.0.jar:6.3.0]
	at org.springframework.security.web.ObservationFilterChainDecorator$ObservationFilter.doFilter(ObservationFilterChainDecorator.java:227) ~[spring-security-web-6.3.0.jar:6.3.0]
	at org.springframework.security.web.ObservationFilterChainDecorator$VirtualFilterChain.doFilter(ObservationFilterChainDecorator.java:137) ~[spring-security-web-6.3.0.jar:6.3.0]
	at org.springframework.security.web.session.DisableEncodeUrlFilter.doFilterInternal(DisableEncodeUrlFilter.java:42) ~[spring-security-web-6.3.0.jar:6.3.0]
	at org.springframework.web.filter.OncePerRequestFilter.doFilter(OncePerRequestFilter.java:116) ~[spring-web-6.1.8.jar:6.1.8]
	at org.springframework.security.web.ObservationFilterChainDecorator$ObservationFilter.wrapFilter(ObservationFilterChainDecorator.java:240) ~[spring-security-web-6.3.0.jar:6.3.0]
	at org.springframework.security.web.ObservationFilterChainDecorator$AroundFilterObservation$SimpleAroundFilterObservation.lambda$wrap$0(ObservationFilterChainDecorator.java:323) ~[spring-security-web-6.3.0.jar:6.3.0]
	at org.springframework.security.web.ObservationFilterChainDecorator$ObservationFilter.doFilter(ObservationFilterChainDecorator.java:224) ~[spring-security-web-6.3.0.jar:6.3.0]
	at org.springframework.security.web.ObservationFilterChainDecorator$VirtualFilterChain.doFilter(ObservationFilterChainDecorator.java:137) ~[spring-security-web-6.3.0.jar:6.3.0]
	at org.springframework.security.web.FilterChainProxy.doFilterInternal(FilterChainProxy.java:233) ~[spring-security-web-6.3.0.jar:6.3.0]
	at org.springframework.security.web.FilterChainProxy.doFilter(FilterChainProxy.java:191) ~[spring-security-web-6.3.0.jar:6.3.0]
	at org.springframework.web.filter.CompositeFilter$VirtualFilterChain.doFilter(CompositeFilter.java:113) ~[spring-web-6.1.8.jar:6.1.8]
	at org.springframework.web.servlet.handler.HandlerMappingIntrospector.lambda$createCacheFilter$3(HandlerMappingIntrospector.java:195) ~[spring-webmvc-6.1.8.jar:6.1.8]
	at org.springframework.web.filter.CompositeFilter$VirtualFilterChain.doFilter(CompositeFilter.java:113) ~[spring-web-6.1.8.jar:6.1.8]
	at org.springframework.web.filter.CompositeFilter.doFilter(CompositeFilter.java:74) ~[spring-web-6.1.8.jar:6.1.8]
	at org.springframework.security.config.annotation.web.configuration.WebMvcSecurityConfiguration$CompositeFilterChainProxy.doFilter(WebMvcSecurityConfiguration.java:230) ~[spring-security-config-6.3.0.jar:6.3.0]
	at org.springframework.web.filter.DelegatingFilterProxy.invokeDelegate(DelegatingFilterProxy.java:352) ~[spring-web-6.1.8.jar:6.1.8]
	at org.springframework.web.filter.DelegatingFilterProxy.doFilter(DelegatingFilterProxy.java:268) ~[spring-web-6.1.8.jar:6.1.8]
	at org.apache.catalina.core.ApplicationFilterChain.internalDoFilter(ApplicationFilterChain.java:164) ~[tomcat-embed-core-10.1.24.jar:10.1.24]
	at org.apache.catalina.core.ApplicationFilterChain.doFilter(ApplicationFilterChain.java:140) ~[tomcat-embed-core-10.1.24.jar:10.1.24]
	at org.springframework.web.filter.RequestContextFilter.doFilterInternal(RequestContextFilter.java:100) ~[spring-web-6.1.8.jar:6.1.8]
	at org.springframework.web.filter.OncePerRequestFilter.doFilter(OncePerRequestFilter.java:116) ~[spring-web-6.1.8.jar:6.1.8]
	at org.apache.catalina.core.ApplicationFilterChain.internalDoFilter(ApplicationFilterChain.java:164) ~[tomcat-embed-core-10.1.24.jar:10.1.24]
	at org.apache.catalina.core.ApplicationFilterChain.doFilter(ApplicationFilterChain.java:140) ~[tomcat-embed-core-10.1.24.jar:10.1.24]
	at org.springframework.web.filter.FormContentFilter.doFilterInternal(FormContentFilter.java:93) ~[spring-web-6.1.8.jar:6.1.8]
	at org.springframework.web.filter.OncePerRequestFilter.doFilter(OncePerRequestFilter.java:116) ~[spring-web-6.1.8.jar:6.1.8]
	at org.apache.catalina.core.ApplicationFilterChain.internalDoFilter(ApplicationFilterChain.java:164) ~[tomcat-embed-core-10.1.24.jar:10.1.24]
	at org.apache.catalina.core.ApplicationFilterChain.doFilter(ApplicationFilterChain.java:140) ~[tomcat-embed-core-10.1.24.jar:10.1.24]
	at org.springframework.web.filter.ServerHttpObservationFilter.doFilterInternal(ServerHttpObservationFilter.java:109) ~[spring-web-6.1.8.jar:6.1.8]
	at org.springframework.web.filter.OncePerRequestFilter.doFilter(OncePerRequestFilter.java:116) ~[spring-web-6.1.8.jar:6.1.8]
	at org.apache.catalina.core.ApplicationFilterChain.internalDoFilter(ApplicationFilterChain.java:164) ~[tomcat-embed-core-10.1.24.jar:10.1.24]
	at org.apache.catalina.core.ApplicationFilterChain.doFilter(ApplicationFilterChain.java:140) ~[tomcat-embed-core-10.1.24.jar:10.1.24]
	at org.springframework.web.filter.CharacterEncodingFilter.doFilterInternal(CharacterEncodingFilter.java:201) ~[spring-web-6.1.8.jar:6.1.8]
	at org.springframework.web.filter.OncePerRequestFilter.doFilter(OncePerRequestFilter.java:116) ~[spring-web-6.1.8.jar:6.1.8]
	at org.apache.catalina.core.ApplicationFilterChain.internalDoFilter(ApplicationFilterChain.java:164) ~[tomcat-embed-core-10.1.24.jar:10.1.24]
	at org.apache.catalina.core.ApplicationFilterChain.doFilter(ApplicationFilterChain.java:140) ~[tomcat-embed-core-10.1.24.jar:10.1.24]
	at org.apache.catalina.core.StandardWrapperValve.invoke(StandardWrapperValve.java:167) ~[tomcat-embed-core-10.1.24.jar:10.1.24]
	at org.apache.catalina.core.StandardContextValve.invoke(StandardContextValve.java:90) ~[tomcat-embed-core-10.1.24.jar:10.1.24]
	at org.apache.catalina.authenticator.AuthenticatorBase.invoke(AuthenticatorBase.java:482) ~[tomcat-embed-core-10.1.24.jar:10.1.24]
	at org.apache.catalina.core.StandardHostValve.invoke(StandardHostValve.java:115) ~[tomcat-embed-core-10.1.24.jar:10.1.24]
	at org.apache.catalina.valves.ErrorReportValve.invoke(ErrorReportValve.java:93) ~[tomcat-embed-core-10.1.24.jar:10.1.24]
	at org.apache.catalina.core.StandardEngineValve.invoke(StandardEngineValve.java:74) ~[tomcat-embed-core-10.1.24.jar:10.1.24]
	at org.apache.catalina.connector.CoyoteAdapter.service(CoyoteAdapter.java:344) ~[tomcat-embed-core-10.1.24.jar:10.1.24]
	at org.apache.coyote.http11.Http11Processor.service(Http11Processor.java:389) ~[tomcat-embed-core-10.1.24.jar:10.1.24]
	at org.apache.coyote.AbstractProcessorLight.process(AbstractProcessorLight.java:63) ~[tomcat-embed-core-10.1.24.jar:10.1.24]
	at org.apache.coyote.AbstractProtocol$ConnectionHandler.process(AbstractProtocol.java:896) ~[tomcat-embed-core-10.1.24.jar:10.1.24]
	at org.apache.tomcat.util.net.NioEndpoint$SocketProcessor.doRun(NioEndpoint.java:1741) ~[tomcat-embed-core-10.1.24.jar:10.1.24]
	at org.apache.tomcat.util.net.SocketProcessorBase.run(SocketProcessorBase.java:52) ~[tomcat-embed-core-10.1.24.jar:10.1.24]
	at org.apache.tomcat.util.threads.ThreadPoolExecutor.runWorker(ThreadPoolExecutor.java:1190) ~[tomcat-embed-core-10.1.24.jar:10.1.24]
	at org.apache.tomcat.util.threads.ThreadPoolExecutor$Worker.run(ThreadPoolExecutor.java:659) ~[tomcat-embed-core-10.1.24.jar:10.1.24]
	at org.apache.tomcat.util.threads.TaskThread$WrappingRunnable.run(TaskThread.java:63) ~[tomcat-embed-core-10.1.24.jar:10.1.24]
	at java.base/java.lang.Thread.run(Thread.java:1583) [?:?]
2024-07-25 17:39:53 DEBUG  Exit: com.orioninc.ProjectRestaurants.repository.UserRepository.findByUsername() with result = Optional[com.orioninc.ProjectRestaurants.model.User@587ad8eb]
2024-07-25 17:39:53 DEBUG admin1 Exit: com.orioninc.ProjectRestaurants.auth.MyUserDetailsService.loadUserByUsername() with result = com.orioninc.ProjectRestaurants.auth.MyUserDetails@1f3a3649
2024-07-25 17:39:53 DEBUG admin1 Exit: com.orioninc.ProjectRestaurants.repository.UserRepository.findByUsername() with result = Optional[com.orioninc.ProjectRestaurants.model.User@587ad8eb]
2024-07-25 17:39:53 DEBUG admin1 Exit: com.orioninc.ProjectRestaurants.auth.MyUserDetailsService.loadUserByUsername() with result = com.orioninc.ProjectRestaurants.auth.MyUserDetails@67153e13
2024-07-25 17:39:53 DEBUG admin1 Exit: com.orioninc.ProjectRestaurants.auth.webtoken.JwtService.generateToken() with result = eyJhbGciOiJIUzUxMiJ9.eyJpc3MiOiJodHRwOi8vbG9jYWxob3N0OjgwODAvIiwic3ViIjoiYWRtaW4xIiwiaWF0IjoxNzIxOTE4MzkzLCJleHAiOjE3MjE5MTg5OTN9.g9m3WeGZvQusM4tQ6qi7ajQmIrD4w-7h2bDHD-A2D1KSLvAvrV1xecyqv5dVcGyjT29TBwg_QHfGi3lqptZj7w
2024-07-25 17:40:01 DEBUG  Exit: com.orioninc.ProjectRestaurants.auth.webtoken.JwtService.extractUsername() with result = admin1
2024-07-25 17:40:01 DEBUG  Exit: com.orioninc.ProjectRestaurants.repository.UserRepository.findByUsername() with result = Optional[com.orioninc.ProjectRestaurants.model.User@2841c084]
2024-07-25 17:40:01 DEBUG admin1 Exit: com.orioninc.ProjectRestaurants.auth.MyUserDetailsService.loadUserByUsername() with result = com.orioninc.ProjectRestaurants.auth.MyUserDetails@5b90ff21
2024-07-25 17:40:01 DEBUG admin1 Exit: com.orioninc.ProjectRestaurants.auth.webtoken.JwtService.isTokenValid() with result = true
2024-07-25 17:40:01 DEBUG admin1 Exit: com.orioninc.ProjectRestaurants.DTO.product.ProductResponseDTOMapper.apply() with result = ProductDTO[id=6, productName=Salt, productPrice=1.0, productBalance=5.0, restaurant=2, productMinimumBalance=2.0, productExpirable=0]
2024-07-25 17:40:01 DEBUG admin1 Exit: com.orioninc.ProjectRestaurants.DTO.product.ProductResponseDTOMapper.apply() with result = ProductDTO[id=9, productName=Pepper, productPrice=12.0, productBalance=5.0, restaurant=2, productMinimumBalance=2.0, productExpirable=0]
2024-07-25 17:40:01 DEBUG admin1 Exit: com.orioninc.ProjectRestaurants.DTO.product.ProductResponseDTOMapper.apply() with result = ProductDTO[id=20, productName=Sugar, productPrice=1.0, productBalance=5.0, restaurant=2, productMinimumBalance=2.0, productExpirable=0]
2024-07-25 17:40:01 DEBUG admin1 Exit: com.orioninc.ProjectRestaurants.DTO.product.ProductResponseDTOMapper.apply() with result = ProductDTO[id=34, productName=Garlic, productPrice=4.0, productBalance=5.0, restaurant=2, productMinimumBalance=2.0, productExpirable=7]
2024-07-25 17:40:01 DEBUG admin1 Exit: com.orioninc.ProjectRestaurants.DTO.product.ProductResponseDTOMapper.apply() with result = ProductDTO[id=41, productName=Butter, productPrice=1.0, productBalance=5.0, restaurant=2, productMinimumBalance=2.0, productExpirable=7]
2024-07-25 17:40:01 DEBUG admin1 Exit: com.orioninc.ProjectRestaurants.DTO.product.ProductResponseDTOMapper.apply() with result = ProductDTO[id=45, productName=Macaroni, productPrice=2.0, productBalance=5.0, restaurant=2, productMinimumBalance=2.0, productExpirable=0]
2024-07-25 17:40:01 DEBUG admin1 Exit: com.orioninc.ProjectRestaurants.DTO.product.ProductResponseDTOMapper.apply() with result = ProductDTO[id=46, productName=Cheddar Cheese, productPrice=12.27, productBalance=5.0, restaurant=2, productMinimumBalance=2.0, productExpirable=7]
2024-07-25 17:40:01 DEBUG admin1 Exit: com.orioninc.ProjectRestaurants.DTO.product.ProductResponseDTOMapper.apply() with result = ProductDTO[id=47, productName=Evaporated Milk, productPrice=12.0, productBalance=5.0, restaurant=2, productMinimumBalance=2.0, productExpirable=7]
2024-07-25 17:40:01 DEBUG admin1 Exit: com.orioninc.ProjectRestaurants.DTO.product.ProductResponseDTOMapper.apply() with result = ProductDTO[id=48, productName=Condensed Cheddar Cheese Soup, productPrice=21.0, productBalance=5.0, restaurant=2, productMinimumBalance=2.0, productExpirable=7]
2024-07-25 17:40:01 DEBUG admin1 Exit: com.orioninc.ProjectRestaurants.DTO.product.ProductResponseDTOMapper.apply() with result = ProductDTO[id=49, productName=Milk, productPrice=1.0, productBalance=5.0, restaurant=2, productMinimumBalance=2.0, productExpirable=7]
2024-07-25 17:40:01 DEBUG admin1 Exit: com.orioninc.ProjectRestaurants.DTO.product.ProductResponseDTOMapper.apply() with result = ProductDTO[id=50, productName=Eggs, productPrice=2.0, productBalance=5.0, restaurant=2, productMinimumBalance=2.0, productExpirable=7]
2024-07-25 17:40:01 DEBUG admin1 Exit: com.orioninc.ProjectRestaurants.DTO.product.ProductResponseDTOMapper.apply() with result = ProductDTO[id=51, productName=Paprika, productPrice=17.0, productBalance=5.0, restaurant=2, productMinimumBalance=2.0, productExpirable=7]
2024-07-25 17:40:01 DEBUG admin1 Exit: com.orioninc.ProjectRestaurants.DTO.product.ProductResponseDTOMapper.apply() with result = ProductDTO[id=52, productName=Gratin Potatoes, productPrice=8.0, productBalance=5.0, restaurant=2, productMinimumBalance=2.0, productExpirable=7]
2024-07-25 17:40:01 DEBUG admin1 Exit: com.orioninc.ProjectRestaurants.DTO.product.ProductResponseDTOMapper.apply() with result = ProductDTO[id=54, productName=Water, productPrice=1.0, productBalance=5.0, restaurant=2, productMinimumBalance=2.0, productExpirable=0]
2024-07-25 17:40:01 DEBUG admin1 Exit: com.orioninc.ProjectRestaurants.DTO.product.ProductResponseDTOMapper.apply() with result = ProductDTO[id=56, productName=Peas, productPrice=5.0, productBalance=5.0, restaurant=2, productMinimumBalance=2.0, productExpirable=0]
2024-07-25 17:40:01 DEBUG admin1 Exit: com.orioninc.ProjectRestaurants.DTO.product.ProductResponseDTOMapper.apply() with result = ProductDTO[id=57, productName=Carrots, productPrice=1.5, productBalance=5.0, restaurant=2, productMinimumBalance=2.0, productExpirable=7]
2024-07-25 17:40:01 DEBUG admin1 Exit: com.orioninc.ProjectRestaurants.DTO.product.ProductResponseDTOMapper.apply() with result = ProductDTO[id=58, productName=Ham, productPrice=8.0, productBalance=5.0, restaurant=2, productMinimumBalance=2.0, productExpirable=7]
2024-07-25 17:40:01 DEBUG admin1 Exit: com.orioninc.ProjectRestaurants.DTO.product.ProductResponseDTOMapper.apply() with result = ProductDTO[id=59, productName=Condensed Cream Of Chicken Soup, productPrice=27.0, productBalance=5.0, restaurant=2, productMinimumBalance=2.0, productExpirable=7]
2024-07-25 17:40:01 DEBUG admin1 Exit: com.orioninc.ProjectRestaurants.DTO.product.ProductResponseDTOMapper.apply() with result = ProductDTO[id=60, productName=Mushroom Stems, productPrice=4.0, productBalance=5.0, restaurant=2, productMinimumBalance=2.0, productExpirable=7]
2024-07-25 17:40:01 DEBUG admin1 Exit: com.orioninc.ProjectRestaurants.DTO.product.ProductResponseDTOMapper.apply() with result = ProductDTO[id=61, productName=Sour Cream, productPrice=4.0, productBalance=5.0, restaurant=2, productMinimumBalance=2.0, productExpirable=7]
2024-07-25 17:40:01 DEBUG admin1 Exit: com.orioninc.ProjectRestaurants.DTO.product.ProductResponseDTOMapper.apply() with result = ProductDTO[id=62, productName=Pimientos, productPrice=1.5, productBalance=5.0, restaurant=2, productMinimumBalance=2.0, productExpirable=7]
2024-07-25 17:40:01 DEBUG admin1 Exit: com.orioninc.ProjectRestaurants.DTO.product.ProductResponseDTOMapper.apply() with result = ProductDTO[id=63, productName=Flour, productPrice=3.0, productBalance=5.0, restaurant=2, productMinimumBalance=2.0, productExpirable=0]
2024-07-25 17:40:01 DEBUG admin1 Exit: com.orioninc.ProjectRestaurants.DTO.product.ProductResponseDTOMapper.apply() with result = ProductDTO[id=64, productName=Tomato Juice, productPrice=3.0, productBalance=5.0, restaurant=2, productMinimumBalance=2.0, productExpirable=7]
2024-07-25 17:40:01 DEBUG admin1 Exit: com.orioninc.ProjectRestaurants.DTO.product.ProductResponseDTOMapper.apply() with result = ProductDTO[id=65, productName=Wide Egg Noodles, productPrice=6.0, productBalance=5.0, restaurant=2, productMinimumBalance=2.0, productExpirable=0]
2024-07-25 17:40:01 DEBUG admin1 Exit: com.orioninc.ProjectRestaurants.DTO.product.ProductResponseDTOMapper.apply() with result = ProductDTO[id=88, productName=Parsley, productPrice=3.0, productBalance=5.0, restaurant=2, productMinimumBalance=2.0, productExpirable=7]
2024-07-25 17:40:01 DEBUG admin1 Exit: com.orioninc.ProjectRestaurants.DTO.product.ProductResponseDTOMapper.apply() with result = ProductDTO[id=93, productName=Cow Meat, productPrice=20.0, productBalance=7.0, restaurant=2, productMinimumBalance=7.0, productExpirable=7]
2024-07-25 17:40:01 DEBUG admin1 Exit: com.orioninc.ProjectRestaurants.DTO.product.ProductResponseDTOMapper.apply() with result = ProductDTO[id=95, productName=Cow Meat3, productPrice=20.0, productBalance=7.0, restaurant=2, productMinimumBalance=7.0, productExpirable=7]
2024-07-25 17:40:01 DEBUG admin1 Exit: com.orioninc.ProjectRestaurants.DTO.product.ProductResponseDTOMapper.apply() with result = ProductDTO[id=96, productName=Cow Meat4, productPrice=20.0, productBalance=14.0, restaurant=2, productMinimumBalance=7.0, productExpirable=7]
2024-07-25 17:40:01 DEBUG admin1 Exit: com.orioninc.ProjectRestaurants.service.implementation.ProductServiceImpl.getAllProductByRestaurant() with result = [ProductDTO[id=6, productName=Salt, productPrice=1.0, productBalance=5.0, restaurant=2, productMinimumBalance=2.0, productExpirable=0], ProductDTO[id=9, productName=Pepper, productPrice=12.0, productBalance=5.0, restaurant=2, productMinimumBalance=2.0, productExpirable=0], ProductDTO[id=20, productName=Sugar, productPrice=1.0, productBalance=5.0, restaurant=2, productMinimumBalance=2.0, productExpirable=0], ProductDTO[id=34, productName=Garlic, productPrice=4.0, productBalance=5.0, restaurant=2, productMinimumBalance=2.0, productExpirable=7], ProductDTO[id=41, productName=Butter, productPrice=1.0, productBalance=5.0, restaurant=2, productMinimumBalance=2.0, productExpirable=7], ProductDTO[id=45, productName=Macaroni, productPrice=2.0, productBalance=5.0, restaurant=2, productMinimumBalance=2.0, productExpirable=0], ProductDTO[id=46, productName=Cheddar Cheese, productPrice=12.27, productBalance=5.0, restaurant=2, productMinimumBalance=2.0, productExpirable=7], ProductDTO[id=47, productName=Evaporated Milk, productPrice=12.0, productBalance=5.0, restaurant=2, productMinimumBalance=2.0, productExpirable=7], ProductDTO[id=48, productName=Condensed Cheddar Cheese Soup, productPrice=21.0, productBalance=5.0, restaurant=2, productMinimumBalance=2.0, productExpirable=7], ProductDTO[id=49, productName=Milk, productPrice=1.0, productBalance=5.0, restaurant=2, productMinimumBalance=2.0, productExpirable=7], ProductDTO[id=50, productName=Eggs, productPrice=2.0, productBalance=5.0, restaurant=2, productMinimumBalance=2.0, productExpirable=7], ProductDTO[id=51, productName=Paprika, productPrice=17.0, productBalance=5.0, restaurant=2, productMinimumBalance=2.0, productExpirable=7], ProductDTO[id=52, productName=Gratin Potatoes, productPrice=8.0, productBalance=5.0, restaurant=2, productMinimumBalance=2.0, productExpirable=7], ProductDTO[id=54, productName=Water, productPrice=1.0, productBalance=5.0, restaurant=2, productMinimumBalance=2.0, productExpirable=0], ProductDTO[id=56, productName=Peas, productPrice=5.0, productBalance=5.0, restaurant=2, productMinimumBalance=2.0, productExpirable=0], ProductDTO[id=57, productName=Carrots, productPrice=1.5, productBalance=5.0, restaurant=2, productMinimumBalance=2.0, productExpirable=7], ProductDTO[id=58, productName=Ham, productPrice=8.0, productBalance=5.0, restaurant=2, productMinimumBalance=2.0, productExpirable=7], ProductDTO[id=59, productName=Condensed Cream Of Chicken Soup, productPrice=27.0, productBalance=5.0, restaurant=2, productMinimumBalance=2.0, productExpirable=7], ProductDTO[id=60, productName=Mushroom Stems, productPrice=4.0, productBalance=5.0, restaurant=2, productMinimumBalance=2.0, productExpirable=7], ProductDTO[id=61, productName=Sour Cream, productPrice=4.0, productBalance=5.0, restaurant=2, productMinimumBalance=2.0, productExpirable=7], ProductDTO[id=62, productName=Pimientos, productPrice=1.5, productBalance=5.0, restaurant=2, productMinimumBalance=2.0, productExpirable=7], ProductDTO[id=63, productName=Flour, productPrice=3.0, productBalance=5.0, restaurant=2, productMinimumBalance=2.0, productExpirable=0], ProductDTO[id=64, productName=Tomato Juice, productPrice=3.0, productBalance=5.0, restaurant=2, productMinimumBalance=2.0, productExpirable=7], ProductDTO[id=65, productName=Wide Egg Noodles, productPrice=6.0, productBalance=5.0, restaurant=2, productMinimumBalance=2.0, productExpirable=0], ProductDTO[id=88, productName=Parsley, productPrice=3.0, productBalance=5.0, restaurant=2, productMinimumBalance=2.0, productExpirable=7], ProductDTO[id=93, productName=Cow Meat, productPrice=20.0, productBalance=7.0, restaurant=2, productMinimumBalance=7.0, productExpirable=7], ProductDTO[id=95, productName=Cow Meat3, productPrice=20.0, productBalance=7.0, restaurant=2, productMinimumBalance=7.0, productExpirable=7], ProductDTO[id=96, productName=Cow Meat4, productPrice=20.0, productBalance=14.0, restaurant=2, productMinimumBalance=7.0, productExpirable=7]]
2024-07-25 17:42:17 INFO   Starting ProjectRestaurantsApplication using Java 21.0.3 with PID 8276 (C:\Users\vjelis\IdeaProjects\ProjectRestaurants\build\classes\java\main started by vjelis in C:\Users\vjelis\IdeaProjects\ProjectRestaurants)
2024-07-25 17:42:17 DEBUG  Running with Spring Boot v3.3.0, Spring v6.1.8
2024-07-25 17:42:17 INFO   No active profile set, falling back to 1 default profile: "default"
2024-07-25 17:42:19 INFO   Bootstrapping Spring Data JPA repositories in DEFAULT mode.
2024-07-25 17:42:19 INFO   Finished Spring Data repository scanning in 243 ms. Found 9 JPA repository interfaces.
2024-07-25 17:42:21 INFO   Tomcat initialized with port 8080 (http)
2024-07-25 17:42:21 INFO   Initializing ProtocolHandler ["http-nio-8080"]
2024-07-25 17:42:21 INFO   Starting service [Tomcat]
2024-07-25 17:42:21 INFO   Starting Servlet engine: [Apache Tomcat/10.1.24]
2024-07-25 17:42:21 INFO   Initializing Spring embedded WebApplicationContext
2024-07-25 17:42:21 INFO   Root WebApplicationContext: initialization completed in 3469 ms
2024-07-25 17:42:21 INFO   HikariPool-1 - Starting...
2024-07-25 17:42:22 INFO   HikariPool-1 - Added connection com.mysql.cj.jdbc.ConnectionImpl@4be1dce6
2024-07-25 17:42:22 INFO   HikariPool-1 - Start completed.
2024-07-25 17:42:23 INFO   Reading from restaurant_db.databasechangelog
2024-07-25 17:42:24 INFO   Database is up to date, no changesets to execute
2024-07-25 17:42:24 INFO   Reading from restaurant_db.databasechangelog
2024-07-25 17:42:24 INFO   UPDATE SUMMARY
2024-07-25 17:42:24 INFO   Run:                          0
2024-07-25 17:42:24 INFO   Previously run:              45
2024-07-25 17:42:24 INFO   Filtered out:                 0
2024-07-25 17:42:24 INFO   -------------------------------
2024-07-25 17:42:24 INFO   Total change sets:           45
2024-07-25 17:42:24 INFO   Update summary generated
2024-07-25 17:42:24 INFO   Successfully released change log lock
2024-07-25 17:42:24 INFO   Command execution complete
2024-07-25 17:42:25 INFO   No LoadTimeWeaver setup: ignoring JPA class transformer
2024-07-25 17:42:28 INFO   Initialized JPA EntityManagerFactory for persistence unit 'default'
2024-07-25 17:42:29 DEBUG  Filter 'jwtAuthenticationFilter' configured for use
2024-07-25 17:42:29 INFO   Hibernate is in classpath; If applicable, HQL parser will be used.
2024-07-25 17:42:31 WARN   spring.jpa.open-in-view is enabled by default. Therefore, database queries may be performed during view rendering. Explicitly configure spring.jpa.open-in-view to disable this warning
2024-07-25 17:42:31 INFO   Global AuthenticationManager configured with AuthenticationProvider bean with name authenticationProvider
2024-07-25 17:42:31 WARN   Global AuthenticationManager configured with an AuthenticationProvider bean. UserDetailsService beans will not be used for username/password login. Consider removing the AuthenticationProvider bean. Alternatively, consider using the UserDetailsService in a manually instantiated DaoAuthenticationProvider.
2024-07-25 17:42:32 INFO   Exposing 3 endpoints beneath base path '/actuator'
2024-07-25 17:42:32 INFO   Will secure any request with [org.springframework.security.web.session.DisableEncodeUrlFilter@651eefb3, org.springframework.security.web.context.request.async.WebAsyncManagerIntegrationFilter@5324647, org.springframework.security.web.context.SecurityContextHolderFilter@56101f06, org.springframework.security.web.header.HeaderWriterFilter@154b5e43, org.springframework.web.filter.CorsFilter@28c076b5, org.springframework.security.web.authentication.logout.LogoutFilter@1079496c, com.orioninc.ProjectRestaurants.auth.webtoken.JwtAuthenticationFilter$$SpringCGLIB$$0@890196b, org.springframework.security.web.authentication.UsernamePasswordAuthenticationFilter@1c98d788, org.springframework.security.web.authentication.ui.DefaultLoginPageGeneratingFilter@35ca1e22, org.springframework.security.web.authentication.ui.DefaultLogoutPageGeneratingFilter@223459f, org.springframework.security.web.authentication.www.BasicAuthenticationFilter@2f6acdcc, org.springframework.security.web.savedrequest.RequestCacheAwareFilter@17574caa, org.springframework.security.web.servletapi.SecurityContextHolderAwareRequestFilter@e107a3b, org.springframework.security.web.authentication.AnonymousAuthenticationFilter@10d2411f, org.springframework.security.web.access.ExceptionTranslationFilter@6f2f9ba4, org.springframework.security.web.access.intercept.AuthorizationFilter@1bed8afd]
2024-07-25 17:42:33 INFO   Starting ProtocolHandler ["http-nio-8080"]
2024-07-25 17:42:33 INFO   Tomcat started on port 8080 (http) with context path '/'
2024-07-25 17:42:33 INFO   Started ProjectRestaurantsApplication in 16.709 seconds (process running for 18.052)
2024-07-25 17:42:36 INFO   Initializing Spring DispatcherServlet 'dispatcherServlet'
2024-07-25 17:42:36 INFO   Initializing Servlet 'dispatcherServlet'
2024-07-25 17:42:36 INFO   Completed initialization in 2 ms
2024-07-25 17:42:36 DEBUG  Exit: com.orioninc.ProjectRestaurants.auth.webtoken.JwtService.extractUsername() with result = admin1
2024-07-25 17:42:37 DEBUG  Exit: com.orioninc.ProjectRestaurants.repository.UserRepository.findByUsername() with result = Optional[com.orioninc.ProjectRestaurants.model.User@62e78f8a]
2024-07-25 17:42:37 DEBUG admin1 Exit: com.orioninc.ProjectRestaurants.auth.MyUserDetailsService.loadUserByUsername() with result = com.orioninc.ProjectRestaurants.auth.MyUserDetails@364823b9
2024-07-25 17:42:37 DEBUG admin1 Exit: com.orioninc.ProjectRestaurants.auth.webtoken.JwtService.isTokenValid() with result = true
2024-07-25 17:42:37 DEBUG admin1 Exit: com.orioninc.ProjectRestaurants.DTO.product.ProductResponseDTOMapper.apply() with result = ProductDTO[id=6, productName=Salt, productPrice=1.0, productBalance=5.0, restaurant=2, productMinimumBalance=2.0, productExpirable=0]
2024-07-25 17:42:37 DEBUG admin1 Exit: com.orioninc.ProjectRestaurants.DTO.product.ProductResponseDTOMapper.apply() with result = ProductDTO[id=9, productName=Pepper, productPrice=12.0, productBalance=5.0, restaurant=2, productMinimumBalance=2.0, productExpirable=0]
2024-07-25 17:42:37 DEBUG admin1 Exit: com.orioninc.ProjectRestaurants.DTO.product.ProductResponseDTOMapper.apply() with result = ProductDTO[id=20, productName=Sugar, productPrice=1.0, productBalance=5.0, restaurant=2, productMinimumBalance=2.0, productExpirable=0]
2024-07-25 17:42:37 DEBUG admin1 Exit: com.orioninc.ProjectRestaurants.DTO.product.ProductResponseDTOMapper.apply() with result = ProductDTO[id=34, productName=Garlic, productPrice=4.0, productBalance=5.0, restaurant=2, productMinimumBalance=2.0, productExpirable=7]
2024-07-25 17:42:37 DEBUG admin1 Exit: com.orioninc.ProjectRestaurants.DTO.product.ProductResponseDTOMapper.apply() with result = ProductDTO[id=41, productName=Butter, productPrice=1.0, productBalance=5.0, restaurant=2, productMinimumBalance=2.0, productExpirable=7]
2024-07-25 17:42:37 DEBUG admin1 Exit: com.orioninc.ProjectRestaurants.DTO.product.ProductResponseDTOMapper.apply() with result = ProductDTO[id=45, productName=Macaroni, productPrice=2.0, productBalance=5.0, restaurant=2, productMinimumBalance=2.0, productExpirable=0]
2024-07-25 17:42:37 DEBUG admin1 Exit: com.orioninc.ProjectRestaurants.DTO.product.ProductResponseDTOMapper.apply() with result = ProductDTO[id=46, productName=Cheddar Cheese, productPrice=12.27, productBalance=5.0, restaurant=2, productMinimumBalance=2.0, productExpirable=7]
2024-07-25 17:42:37 DEBUG admin1 Exit: com.orioninc.ProjectRestaurants.DTO.product.ProductResponseDTOMapper.apply() with result = ProductDTO[id=47, productName=Evaporated Milk, productPrice=12.0, productBalance=5.0, restaurant=2, productMinimumBalance=2.0, productExpirable=7]
2024-07-25 17:42:37 DEBUG admin1 Exit: com.orioninc.ProjectRestaurants.DTO.product.ProductResponseDTOMapper.apply() with result = ProductDTO[id=48, productName=Condensed Cheddar Cheese Soup, productPrice=21.0, productBalance=5.0, restaurant=2, productMinimumBalance=2.0, productExpirable=7]
2024-07-25 17:42:37 DEBUG admin1 Exit: com.orioninc.ProjectRestaurants.DTO.product.ProductResponseDTOMapper.apply() with result = ProductDTO[id=49, productName=Milk, productPrice=1.0, productBalance=5.0, restaurant=2, productMinimumBalance=2.0, productExpirable=7]
2024-07-25 17:42:37 DEBUG admin1 Exit: com.orioninc.ProjectRestaurants.DTO.product.ProductResponseDTOMapper.apply() with result = ProductDTO[id=50, productName=Eggs, productPrice=2.0, productBalance=5.0, restaurant=2, productMinimumBalance=2.0, productExpirable=7]
2024-07-25 17:42:37 DEBUG admin1 Exit: com.orioninc.ProjectRestaurants.DTO.product.ProductResponseDTOMapper.apply() with result = ProductDTO[id=51, productName=Paprika, productPrice=17.0, productBalance=5.0, restaurant=2, productMinimumBalance=2.0, productExpirable=7]
2024-07-25 17:42:37 DEBUG admin1 Exit: com.orioninc.ProjectRestaurants.DTO.product.ProductResponseDTOMapper.apply() with result = ProductDTO[id=52, productName=Gratin Potatoes, productPrice=8.0, productBalance=5.0, restaurant=2, productMinimumBalance=2.0, productExpirable=7]
2024-07-25 17:42:37 DEBUG admin1 Exit: com.orioninc.ProjectRestaurants.DTO.product.ProductResponseDTOMapper.apply() with result = ProductDTO[id=54, productName=Water, productPrice=1.0, productBalance=5.0, restaurant=2, productMinimumBalance=2.0, productExpirable=0]
2024-07-25 17:42:37 DEBUG admin1 Exit: com.orioninc.ProjectRestaurants.DTO.product.ProductResponseDTOMapper.apply() with result = ProductDTO[id=56, productName=Peas, productPrice=5.0, productBalance=5.0, restaurant=2, productMinimumBalance=2.0, productExpirable=0]
2024-07-25 17:42:37 DEBUG admin1 Exit: com.orioninc.ProjectRestaurants.DTO.product.ProductResponseDTOMapper.apply() with result = ProductDTO[id=57, productName=Carrots, productPrice=1.5, productBalance=5.0, restaurant=2, productMinimumBalance=2.0, productExpirable=7]
2024-07-25 17:42:37 DEBUG admin1 Exit: com.orioninc.ProjectRestaurants.DTO.product.ProductResponseDTOMapper.apply() with result = ProductDTO[id=58, productName=Ham, productPrice=8.0, productBalance=5.0, restaurant=2, productMinimumBalance=2.0, productExpirable=7]
2024-07-25 17:42:37 DEBUG admin1 Exit: com.orioninc.ProjectRestaurants.DTO.product.ProductResponseDTOMapper.apply() with result = ProductDTO[id=59, productName=Condensed Cream Of Chicken Soup, productPrice=27.0, productBalance=5.0, restaurant=2, productMinimumBalance=2.0, productExpirable=7]
2024-07-25 17:42:37 DEBUG admin1 Exit: com.orioninc.ProjectRestaurants.DTO.product.ProductResponseDTOMapper.apply() with result = ProductDTO[id=60, productName=Mushroom Stems, productPrice=4.0, productBalance=5.0, restaurant=2, productMinimumBalance=2.0, productExpirable=7]
2024-07-25 17:42:37 DEBUG admin1 Exit: com.orioninc.ProjectRestaurants.DTO.product.ProductResponseDTOMapper.apply() with result = ProductDTO[id=61, productName=Sour Cream, productPrice=4.0, productBalance=5.0, restaurant=2, productMinimumBalance=2.0, productExpirable=7]
2024-07-25 17:42:37 DEBUG admin1 Exit: com.orioninc.ProjectRestaurants.DTO.product.ProductResponseDTOMapper.apply() with result = ProductDTO[id=62, productName=Pimientos, productPrice=1.5, productBalance=5.0, restaurant=2, productMinimumBalance=2.0, productExpirable=7]
2024-07-25 17:42:37 DEBUG admin1 Exit: com.orioninc.ProjectRestaurants.DTO.product.ProductResponseDTOMapper.apply() with result = ProductDTO[id=63, productName=Flour, productPrice=3.0, productBalance=5.0, restaurant=2, productMinimumBalance=2.0, productExpirable=0]
2024-07-25 17:42:37 DEBUG admin1 Exit: com.orioninc.ProjectRestaurants.DTO.product.ProductResponseDTOMapper.apply() with result = ProductDTO[id=64, productName=Tomato Juice, productPrice=3.0, productBalance=5.0, restaurant=2, productMinimumBalance=2.0, productExpirable=7]
2024-07-25 17:42:37 DEBUG admin1 Exit: com.orioninc.ProjectRestaurants.DTO.product.ProductResponseDTOMapper.apply() with result = ProductDTO[id=65, productName=Wide Egg Noodles, productPrice=6.0, productBalance=5.0, restaurant=2, productMinimumBalance=2.0, productExpirable=0]
2024-07-25 17:42:37 DEBUG admin1 Exit: com.orioninc.ProjectRestaurants.DTO.product.ProductResponseDTOMapper.apply() with result = ProductDTO[id=88, productName=Parsley, productPrice=3.0, productBalance=5.0, restaurant=2, productMinimumBalance=2.0, productExpirable=7]
2024-07-25 17:42:37 DEBUG admin1 Exit: com.orioninc.ProjectRestaurants.DTO.product.ProductResponseDTOMapper.apply() with result = ProductDTO[id=93, productName=Cow Meat, productPrice=20.0, productBalance=7.0, restaurant=2, productMinimumBalance=7.0, productExpirable=7]
2024-07-25 17:42:37 DEBUG admin1 Exit: com.orioninc.ProjectRestaurants.DTO.product.ProductResponseDTOMapper.apply() with result = ProductDTO[id=95, productName=Cow Meat3, productPrice=20.0, productBalance=7.0, restaurant=2, productMinimumBalance=7.0, productExpirable=7]
2024-07-25 17:42:37 DEBUG admin1 Exit: com.orioninc.ProjectRestaurants.DTO.product.ProductResponseDTOMapper.apply() with result = ProductDTO[id=96, productName=Cow Meat4, productPrice=20.0, productBalance=14.0, restaurant=2, productMinimumBalance=7.0, productExpirable=7]
2024-07-25 17:42:37 DEBUG admin1 Exit: com.orioninc.ProjectRestaurants.service.implementation.ProductServiceImpl.getAllProductByRestaurant() with result = [ProductDTO[id=6, productName=Salt, productPrice=1.0, productBalance=5.0, restaurant=2, productMinimumBalance=2.0, productExpirable=0], ProductDTO[id=9, productName=Pepper, productPrice=12.0, productBalance=5.0, restaurant=2, productMinimumBalance=2.0, productExpirable=0], ProductDTO[id=20, productName=Sugar, productPrice=1.0, productBalance=5.0, restaurant=2, productMinimumBalance=2.0, productExpirable=0], ProductDTO[id=34, productName=Garlic, productPrice=4.0, productBalance=5.0, restaurant=2, productMinimumBalance=2.0, productExpirable=7], ProductDTO[id=41, productName=Butter, productPrice=1.0, productBalance=5.0, restaurant=2, productMinimumBalance=2.0, productExpirable=7], ProductDTO[id=45, productName=Macaroni, productPrice=2.0, productBalance=5.0, restaurant=2, productMinimumBalance=2.0, productExpirable=0], ProductDTO[id=46, productName=Cheddar Cheese, productPrice=12.27, productBalance=5.0, restaurant=2, productMinimumBalance=2.0, productExpirable=7], ProductDTO[id=47, productName=Evaporated Milk, productPrice=12.0, productBalance=5.0, restaurant=2, productMinimumBalance=2.0, productExpirable=7], ProductDTO[id=48, productName=Condensed Cheddar Cheese Soup, productPrice=21.0, productBalance=5.0, restaurant=2, productMinimumBalance=2.0, productExpirable=7], ProductDTO[id=49, productName=Milk, productPrice=1.0, productBalance=5.0, restaurant=2, productMinimumBalance=2.0, productExpirable=7], ProductDTO[id=50, productName=Eggs, productPrice=2.0, productBalance=5.0, restaurant=2, productMinimumBalance=2.0, productExpirable=7], ProductDTO[id=51, productName=Paprika, productPrice=17.0, productBalance=5.0, restaurant=2, productMinimumBalance=2.0, productExpirable=7], ProductDTO[id=52, productName=Gratin Potatoes, productPrice=8.0, productBalance=5.0, restaurant=2, productMinimumBalance=2.0, productExpirable=7], ProductDTO[id=54, productName=Water, productPrice=1.0, productBalance=5.0, restaurant=2, productMinimumBalance=2.0, productExpirable=0], ProductDTO[id=56, productName=Peas, productPrice=5.0, productBalance=5.0, restaurant=2, productMinimumBalance=2.0, productExpirable=0], ProductDTO[id=57, productName=Carrots, productPrice=1.5, productBalance=5.0, restaurant=2, productMinimumBalance=2.0, productExpirable=7], ProductDTO[id=58, productName=Ham, productPrice=8.0, productBalance=5.0, restaurant=2, productMinimumBalance=2.0, productExpirable=7], ProductDTO[id=59, productName=Condensed Cream Of Chicken Soup, productPrice=27.0, productBalance=5.0, restaurant=2, productMinimumBalance=2.0, productExpirable=7], ProductDTO[id=60, productName=Mushroom Stems, productPrice=4.0, productBalance=5.0, restaurant=2, productMinimumBalance=2.0, productExpirable=7], ProductDTO[id=61, productName=Sour Cream, productPrice=4.0, productBalance=5.0, restaurant=2, productMinimumBalance=2.0, productExpirable=7], ProductDTO[id=62, productName=Pimientos, productPrice=1.5, productBalance=5.0, restaurant=2, productMinimumBalance=2.0, productExpirable=7], ProductDTO[id=63, productName=Flour, productPrice=3.0, productBalance=5.0, restaurant=2, productMinimumBalance=2.0, productExpirable=0], ProductDTO[id=64, productName=Tomato Juice, productPrice=3.0, productBalance=5.0, restaurant=2, productMinimumBalance=2.0, productExpirable=7], ProductDTO[id=65, productName=Wide Egg Noodles, productPrice=6.0, productBalance=5.0, restaurant=2, productMinimumBalance=2.0, productExpirable=0], ProductDTO[id=88, productName=Parsley, productPrice=3.0, productBalance=5.0, restaurant=2, productMinimumBalance=2.0, productExpirable=7], ProductDTO[id=93, productName=Cow Meat, productPrice=20.0, productBalance=7.0, restaurant=2, productMinimumBalance=7.0, productExpirable=7], ProductDTO[id=95, productName=Cow Meat3, productPrice=20.0, productBalance=7.0, restaurant=2, productMinimumBalance=7.0, productExpirable=7], ProductDTO[id=96, productName=Cow Meat4, productPrice=20.0, productBalance=14.0, restaurant=2, productMinimumBalance=7.0, productExpirable=7]]
2024-07-25 17:42:41 ERROR  Exception in com.orioninc.ProjectRestaurants.auth.webtoken.JwtService.extractUsername() with cause = io.jsonwebtoken.io.DeserializationException: Unable to deserialize: Illegal unquoted character ((CTRL-CHAR, code 20)): has to be escaped using backslash to be included in name
 at [Source: REDACTED (`StreamReadFeature.INCLUDE_SOURCE_IN_LOCATION` disabled); line: 1, column: 8]
2024-07-25 17:42:41 ERROR  Servlet.service() for servlet [dispatcherServlet] in context with path [] threw exception
io.jsonwebtoken.MalformedJwtException: Malformed protected header JSON: Unable to deserialize: Illegal unquoted character ((CTRL-CHAR, code 20)): has to be escaped using backslash to be included in name
 at [Source: REDACTED (`StreamReadFeature.INCLUDE_SOURCE_IN_LOCATION` disabled); line: 1, column: 8]
	at io.jsonwebtoken.impl.io.JsonObjectDeserializer.malformed(JsonObjectDeserializer.java:76) ~[jjwt-impl-0.12.5.jar:0.12.5]
	at io.jsonwebtoken.impl.io.JsonObjectDeserializer.apply(JsonObjectDeserializer.java:70) ~[jjwt-impl-0.12.5.jar:0.12.5]
	at io.jsonwebtoken.impl.DefaultJwtParser.deserialize(DefaultJwtParser.java:890) ~[jjwt-impl-0.12.5.jar:0.12.5]
	at io.jsonwebtoken.impl.DefaultJwtParser.parse(DefaultJwtParser.java:380) ~[jjwt-impl-0.12.5.jar:0.12.5]
	at io.jsonwebtoken.impl.DefaultJwtParser.parse(DefaultJwtParser.java:362) ~[jjwt-impl-0.12.5.jar:0.12.5]
	at io.jsonwebtoken.impl.DefaultJwtParser.parse(DefaultJwtParser.java:94) ~[jjwt-impl-0.12.5.jar:0.12.5]
	at io.jsonwebtoken.impl.io.AbstractParser.parse(AbstractParser.java:36) ~[jjwt-impl-0.12.5.jar:0.12.5]
	at io.jsonwebtoken.impl.io.AbstractParser.parse(AbstractParser.java:29) ~[jjwt-impl-0.12.5.jar:0.12.5]
	at io.jsonwebtoken.impl.DefaultJwtParser.parseSignedClaims(DefaultJwtParser.java:821) ~[jjwt-impl-0.12.5.jar:0.12.5]
	at com.orioninc.ProjectRestaurants.auth.webtoken.JwtService.getClaims(JwtService.java:59) ~[main/:?]
	at com.orioninc.ProjectRestaurants.auth.webtoken.JwtService.extractUsername(JwtService.java:54) ~[main/:?]
	at java.base/jdk.internal.reflect.DirectMethodHandleAccessor.invoke(DirectMethodHandleAccessor.java:103) ~[?:?]
	at java.base/java.lang.reflect.Method.invoke(Method.java:580) ~[?:?]
	at org.springframework.aop.support.AopUtils.invokeJoinpointUsingReflection(AopUtils.java:354) ~[spring-aop-6.1.8.jar:6.1.8]
	at org.springframework.aop.framework.ReflectiveMethodInvocation.invokeJoinpoint(ReflectiveMethodInvocation.java:196) ~[spring-aop-6.1.8.jar:6.1.8]
	at org.springframework.aop.framework.ReflectiveMethodInvocation.proceed(ReflectiveMethodInvocation.java:163) ~[spring-aop-6.1.8.jar:6.1.8]
	at org.springframework.aop.framework.CglibAopProxy$CglibMethodInvocation.proceed(CglibAopProxy.java:768) ~[spring-aop-6.1.8.jar:6.1.8]
	at org.springframework.aop.aspectj.AspectJAfterThrowingAdvice.invoke(AspectJAfterThrowingAdvice.java:64) ~[spring-aop-6.1.8.jar:6.1.8]
	at org.springframework.aop.framework.ReflectiveMethodInvocation.proceed(ReflectiveMethodInvocation.java:184) ~[spring-aop-6.1.8.jar:6.1.8]
	at org.springframework.aop.framework.CglibAopProxy$CglibMethodInvocation.proceed(CglibAopProxy.java:768) ~[spring-aop-6.1.8.jar:6.1.8]
	at org.springframework.aop.aspectj.MethodInvocationProceedingJoinPoint.proceed(MethodInvocationProceedingJoinPoint.java:89) ~[spring-aop-6.1.8.jar:6.1.8]
	at com.orioninc.ProjectRestaurants.aspect.LoggingAdvice.logAround(LoggingAdvice.java:76) ~[main/:?]
	at java.base/jdk.internal.reflect.DirectMethodHandleAccessor.invoke(DirectMethodHandleAccessor.java:103) ~[?:?]
	at java.base/java.lang.reflect.Method.invoke(Method.java:580) ~[?:?]
	at org.springframework.aop.aspectj.AbstractAspectJAdvice.invokeAdviceMethodWithGivenArgs(AbstractAspectJAdvice.java:637) ~[spring-aop-6.1.8.jar:6.1.8]
	at org.springframework.aop.aspectj.AbstractAspectJAdvice.invokeAdviceMethod(AbstractAspectJAdvice.java:627) ~[spring-aop-6.1.8.jar:6.1.8]
	at org.springframework.aop.aspectj.AspectJAroundAdvice.invoke(AspectJAroundAdvice.java:71) ~[spring-aop-6.1.8.jar:6.1.8]
	at org.springframework.aop.framework.ReflectiveMethodInvocation.proceed(ReflectiveMethodInvocation.java:184) ~[spring-aop-6.1.8.jar:6.1.8]
	at org.springframework.aop.framework.CglibAopProxy$CglibMethodInvocation.proceed(CglibAopProxy.java:768) ~[spring-aop-6.1.8.jar:6.1.8]
	at org.springframework.aop.interceptor.ExposeInvocationInterceptor.invoke(ExposeInvocationInterceptor.java:97) ~[spring-aop-6.1.8.jar:6.1.8]
	at org.springframework.aop.framework.ReflectiveMethodInvocation.proceed(ReflectiveMethodInvocation.java:184) ~[spring-aop-6.1.8.jar:6.1.8]
	at org.springframework.aop.framework.CglibAopProxy$CglibMethodInvocation.proceed(CglibAopProxy.java:768) ~[spring-aop-6.1.8.jar:6.1.8]
	at org.springframework.aop.framework.CglibAopProxy$DynamicAdvisedInterceptor.intercept(CglibAopProxy.java:720) ~[spring-aop-6.1.8.jar:6.1.8]
	at com.orioninc.ProjectRestaurants.auth.webtoken.JwtService$$SpringCGLIB$$0.extractUsername(<generated>) ~[main/:?]
	at com.orioninc.ProjectRestaurants.auth.webtoken.JwtAuthenticationFilter.doFilterInternal(JwtAuthenticationFilter.java:41) ~[main/:?]
	at org.springframework.web.filter.OncePerRequestFilter.doFilter(OncePerRequestFilter.java:116) ~[spring-web-6.1.8.jar:6.1.8]
	at org.springframework.security.web.ObservationFilterChainDecorator$ObservationFilter.wrapFilter(ObservationFilterChainDecorator.java:240) ~[spring-security-web-6.3.0.jar:6.3.0]
	at org.springframework.security.web.ObservationFilterChainDecorator$ObservationFilter.doFilter(ObservationFilterChainDecorator.java:227) ~[spring-security-web-6.3.0.jar:6.3.0]
	at org.springframework.security.web.ObservationFilterChainDecorator$VirtualFilterChain.doFilter(ObservationFilterChainDecorator.java:137) ~[spring-security-web-6.3.0.jar:6.3.0]
	at org.springframework.security.web.authentication.logout.LogoutFilter.doFilter(LogoutFilter.java:107) ~[spring-security-web-6.3.0.jar:6.3.0]
	at org.springframework.security.web.authentication.logout.LogoutFilter.doFilter(LogoutFilter.java:93) ~[spring-security-web-6.3.0.jar:6.3.0]
	at org.springframework.security.web.ObservationFilterChainDecorator$ObservationFilter.wrapFilter(ObservationFilterChainDecorator.java:240) ~[spring-security-web-6.3.0.jar:6.3.0]
	at org.springframework.security.web.ObservationFilterChainDecorator$ObservationFilter.doFilter(ObservationFilterChainDecorator.java:227) ~[spring-security-web-6.3.0.jar:6.3.0]
	at org.springframework.security.web.ObservationFilterChainDecorator$VirtualFilterChain.doFilter(ObservationFilterChainDecorator.java:137) ~[spring-security-web-6.3.0.jar:6.3.0]
	at org.springframework.web.filter.CorsFilter.doFilterInternal(CorsFilter.java:91) ~[spring-web-6.1.8.jar:6.1.8]
	at org.springframework.web.filter.OncePerRequestFilter.doFilter(OncePerRequestFilter.java:116) ~[spring-web-6.1.8.jar:6.1.8]
	at org.springframework.security.web.ObservationFilterChainDecorator$ObservationFilter.wrapFilter(ObservationFilterChainDecorator.java:240) ~[spring-security-web-6.3.0.jar:6.3.0]
	at org.springframework.security.web.ObservationFilterChainDecorator$ObservationFilter.doFilter(ObservationFilterChainDecorator.java:227) ~[spring-security-web-6.3.0.jar:6.3.0]
	at org.springframework.security.web.ObservationFilterChainDecorator$VirtualFilterChain.doFilter(ObservationFilterChainDecorator.java:137) ~[spring-security-web-6.3.0.jar:6.3.0]
	at org.springframework.security.web.header.HeaderWriterFilter.doHeadersAfter(HeaderWriterFilter.java:90) ~[spring-security-web-6.3.0.jar:6.3.0]
	at org.springframework.security.web.header.HeaderWriterFilter.doFilterInternal(HeaderWriterFilter.java:75) ~[spring-security-web-6.3.0.jar:6.3.0]
	at org.springframework.web.filter.OncePerRequestFilter.doFilter(OncePerRequestFilter.java:116) ~[spring-web-6.1.8.jar:6.1.8]
	at org.springframework.security.web.ObservationFilterChainDecorator$ObservationFilter.wrapFilter(ObservationFilterChainDecorator.java:240) ~[spring-security-web-6.3.0.jar:6.3.0]
	at org.springframework.security.web.ObservationFilterChainDecorator$ObservationFilter.doFilter(ObservationFilterChainDecorator.java:227) ~[spring-security-web-6.3.0.jar:6.3.0]
	at org.springframework.security.web.ObservationFilterChainDecorator$VirtualFilterChain.doFilter(ObservationFilterChainDecorator.java:137) ~[spring-security-web-6.3.0.jar:6.3.0]
	at org.springframework.security.web.context.SecurityContextHolderFilter.doFilter(SecurityContextHolderFilter.java:82) ~[spring-security-web-6.3.0.jar:6.3.0]
	at org.springframework.security.web.context.SecurityContextHolderFilter.doFilter(SecurityContextHolderFilter.java:69) ~[spring-security-web-6.3.0.jar:6.3.0]
	at org.springframework.security.web.ObservationFilterChainDecorator$ObservationFilter.wrapFilter(ObservationFilterChainDecorator.java:240) ~[spring-security-web-6.3.0.jar:6.3.0]
	at org.springframework.security.web.ObservationFilterChainDecorator$ObservationFilter.doFilter(ObservationFilterChainDecorator.java:227) ~[spring-security-web-6.3.0.jar:6.3.0]
	at org.springframework.security.web.ObservationFilterChainDecorator$VirtualFilterChain.doFilter(ObservationFilterChainDecorator.java:137) ~[spring-security-web-6.3.0.jar:6.3.0]
	at org.springframework.security.web.context.request.async.WebAsyncManagerIntegrationFilter.doFilterInternal(WebAsyncManagerIntegrationFilter.java:62) ~[spring-security-web-6.3.0.jar:6.3.0]
	at org.springframework.web.filter.OncePerRequestFilter.doFilter(OncePerRequestFilter.java:116) ~[spring-web-6.1.8.jar:6.1.8]
	at org.springframework.security.web.ObservationFilterChainDecorator$ObservationFilter.wrapFilter(ObservationFilterChainDecorator.java:240) ~[spring-security-web-6.3.0.jar:6.3.0]
	at org.springframework.security.web.ObservationFilterChainDecorator$ObservationFilter.doFilter(ObservationFilterChainDecorator.java:227) ~[spring-security-web-6.3.0.jar:6.3.0]
	at org.springframework.security.web.ObservationFilterChainDecorator$VirtualFilterChain.doFilter(ObservationFilterChainDecorator.java:137) ~[spring-security-web-6.3.0.jar:6.3.0]
	at org.springframework.security.web.session.DisableEncodeUrlFilter.doFilterInternal(DisableEncodeUrlFilter.java:42) ~[spring-security-web-6.3.0.jar:6.3.0]
	at org.springframework.web.filter.OncePerRequestFilter.doFilter(OncePerRequestFilter.java:116) ~[spring-web-6.1.8.jar:6.1.8]
	at org.springframework.security.web.ObservationFilterChainDecorator$ObservationFilter.wrapFilter(ObservationFilterChainDecorator.java:240) ~[spring-security-web-6.3.0.jar:6.3.0]
	at org.springframework.security.web.ObservationFilterChainDecorator$AroundFilterObservation$SimpleAroundFilterObservation.lambda$wrap$0(ObservationFilterChainDecorator.java:323) ~[spring-security-web-6.3.0.jar:6.3.0]
	at org.springframework.security.web.ObservationFilterChainDecorator$ObservationFilter.doFilter(ObservationFilterChainDecorator.java:224) ~[spring-security-web-6.3.0.jar:6.3.0]
	at org.springframework.security.web.ObservationFilterChainDecorator$VirtualFilterChain.doFilter(ObservationFilterChainDecorator.java:137) ~[spring-security-web-6.3.0.jar:6.3.0]
	at org.springframework.security.web.FilterChainProxy.doFilterInternal(FilterChainProxy.java:233) ~[spring-security-web-6.3.0.jar:6.3.0]
	at org.springframework.security.web.FilterChainProxy.doFilter(FilterChainProxy.java:191) ~[spring-security-web-6.3.0.jar:6.3.0]
	at org.springframework.web.filter.CompositeFilter$VirtualFilterChain.doFilter(CompositeFilter.java:113) ~[spring-web-6.1.8.jar:6.1.8]
	at org.springframework.web.servlet.handler.HandlerMappingIntrospector.lambda$createCacheFilter$3(HandlerMappingIntrospector.java:195) ~[spring-webmvc-6.1.8.jar:6.1.8]
	at org.springframework.web.filter.CompositeFilter$VirtualFilterChain.doFilter(CompositeFilter.java:113) ~[spring-web-6.1.8.jar:6.1.8]
	at org.springframework.web.filter.CompositeFilter.doFilter(CompositeFilter.java:74) ~[spring-web-6.1.8.jar:6.1.8]
	at org.springframework.security.config.annotation.web.configuration.WebMvcSecurityConfiguration$CompositeFilterChainProxy.doFilter(WebMvcSecurityConfiguration.java:230) ~[spring-security-config-6.3.0.jar:6.3.0]
	at org.springframework.web.filter.DelegatingFilterProxy.invokeDelegate(DelegatingFilterProxy.java:352) ~[spring-web-6.1.8.jar:6.1.8]
	at org.springframework.web.filter.DelegatingFilterProxy.doFilter(DelegatingFilterProxy.java:268) ~[spring-web-6.1.8.jar:6.1.8]
	at org.apache.catalina.core.ApplicationFilterChain.internalDoFilter(ApplicationFilterChain.java:164) ~[tomcat-embed-core-10.1.24.jar:10.1.24]
	at org.apache.catalina.core.ApplicationFilterChain.doFilter(ApplicationFilterChain.java:140) ~[tomcat-embed-core-10.1.24.jar:10.1.24]
	at org.springframework.web.filter.RequestContextFilter.doFilterInternal(RequestContextFilter.java:100) ~[spring-web-6.1.8.jar:6.1.8]
	at org.springframework.web.filter.OncePerRequestFilter.doFilter(OncePerRequestFilter.java:116) ~[spring-web-6.1.8.jar:6.1.8]
	at org.apache.catalina.core.ApplicationFilterChain.internalDoFilter(ApplicationFilterChain.java:164) ~[tomcat-embed-core-10.1.24.jar:10.1.24]
	at org.apache.catalina.core.ApplicationFilterChain.doFilter(ApplicationFilterChain.java:140) ~[tomcat-embed-core-10.1.24.jar:10.1.24]
	at org.springframework.web.filter.FormContentFilter.doFilterInternal(FormContentFilter.java:93) ~[spring-web-6.1.8.jar:6.1.8]
	at org.springframework.web.filter.OncePerRequestFilter.doFilter(OncePerRequestFilter.java:116) ~[spring-web-6.1.8.jar:6.1.8]
	at org.apache.catalina.core.ApplicationFilterChain.internalDoFilter(ApplicationFilterChain.java:164) ~[tomcat-embed-core-10.1.24.jar:10.1.24]
	at org.apache.catalina.core.ApplicationFilterChain.doFilter(ApplicationFilterChain.java:140) ~[tomcat-embed-core-10.1.24.jar:10.1.24]
	at org.springframework.web.filter.ServerHttpObservationFilter.doFilterInternal(ServerHttpObservationFilter.java:109) ~[spring-web-6.1.8.jar:6.1.8]
	at org.springframework.web.filter.OncePerRequestFilter.doFilter(OncePerRequestFilter.java:116) ~[spring-web-6.1.8.jar:6.1.8]
	at org.apache.catalina.core.ApplicationFilterChain.internalDoFilter(ApplicationFilterChain.java:164) ~[tomcat-embed-core-10.1.24.jar:10.1.24]
	at org.apache.catalina.core.ApplicationFilterChain.doFilter(ApplicationFilterChain.java:140) ~[tomcat-embed-core-10.1.24.jar:10.1.24]
	at org.springframework.web.filter.CharacterEncodingFilter.doFilterInternal(CharacterEncodingFilter.java:201) ~[spring-web-6.1.8.jar:6.1.8]
	at org.springframework.web.filter.OncePerRequestFilter.doFilter(OncePerRequestFilter.java:116) ~[spring-web-6.1.8.jar:6.1.8]
	at org.apache.catalina.core.ApplicationFilterChain.internalDoFilter(ApplicationFilterChain.java:164) ~[tomcat-embed-core-10.1.24.jar:10.1.24]
	at org.apache.catalina.core.ApplicationFilterChain.doFilter(ApplicationFilterChain.java:140) ~[tomcat-embed-core-10.1.24.jar:10.1.24]
	at org.apache.catalina.core.StandardWrapperValve.invoke(StandardWrapperValve.java:167) ~[tomcat-embed-core-10.1.24.jar:10.1.24]
	at org.apache.catalina.core.StandardContextValve.invoke(StandardContextValve.java:90) ~[tomcat-embed-core-10.1.24.jar:10.1.24]
	at org.apache.catalina.authenticator.AuthenticatorBase.invoke(AuthenticatorBase.java:482) ~[tomcat-embed-core-10.1.24.jar:10.1.24]
	at org.apache.catalina.core.StandardHostValve.invoke(StandardHostValve.java:115) ~[tomcat-embed-core-10.1.24.jar:10.1.24]
	at org.apache.catalina.valves.ErrorReportValve.invoke(ErrorReportValve.java:93) ~[tomcat-embed-core-10.1.24.jar:10.1.24]
	at org.apache.catalina.core.StandardEngineValve.invoke(StandardEngineValve.java:74) ~[tomcat-embed-core-10.1.24.jar:10.1.24]
	at org.apache.catalina.connector.CoyoteAdapter.service(CoyoteAdapter.java:344) ~[tomcat-embed-core-10.1.24.jar:10.1.24]
	at org.apache.coyote.http11.Http11Processor.service(Http11Processor.java:389) ~[tomcat-embed-core-10.1.24.jar:10.1.24]
	at org.apache.coyote.AbstractProcessorLight.process(AbstractProcessorLight.java:63) ~[tomcat-embed-core-10.1.24.jar:10.1.24]
	at org.apache.coyote.AbstractProtocol$ConnectionHandler.process(AbstractProtocol.java:896) ~[tomcat-embed-core-10.1.24.jar:10.1.24]
	at org.apache.tomcat.util.net.NioEndpoint$SocketProcessor.doRun(NioEndpoint.java:1741) ~[tomcat-embed-core-10.1.24.jar:10.1.24]
	at org.apache.tomcat.util.net.SocketProcessorBase.run(SocketProcessorBase.java:52) ~[tomcat-embed-core-10.1.24.jar:10.1.24]
	at org.apache.tomcat.util.threads.ThreadPoolExecutor.runWorker(ThreadPoolExecutor.java:1190) ~[tomcat-embed-core-10.1.24.jar:10.1.24]
	at org.apache.tomcat.util.threads.ThreadPoolExecutor$Worker.run(ThreadPoolExecutor.java:659) ~[tomcat-embed-core-10.1.24.jar:10.1.24]
	at org.apache.tomcat.util.threads.TaskThread$WrappingRunnable.run(TaskThread.java:63) ~[tomcat-embed-core-10.1.24.jar:10.1.24]
	at java.base/java.lang.Thread.run(Thread.java:1583) [?:?]
Caused by: io.jsonwebtoken.io.DeserializationException: Unable to deserialize: Illegal unquoted character ((CTRL-CHAR, code 20)): has to be escaped using backslash to be included in name
 at [Source: REDACTED (`StreamReadFeature.INCLUDE_SOURCE_IN_LOCATION` disabled); line: 1, column: 8]
	at io.jsonwebtoken.io.AbstractDeserializer.deserialize(AbstractDeserializer.java:72) ~[jjwt-api-0.12.5.jar:0.12.5]
	at io.jsonwebtoken.impl.io.JsonObjectDeserializer.apply(JsonObjectDeserializer.java:52) ~[jjwt-impl-0.12.5.jar:0.12.5]
	... 112 more
Caused by: com.fasterxml.jackson.core.JsonParseException: Illegal unquoted character ((CTRL-CHAR, code 20)): has to be escaped using backslash to be included in name
 at [Source: REDACTED (`StreamReadFeature.INCLUDE_SOURCE_IN_LOCATION` disabled); line: 1, column: 8]
	at com.fasterxml.jackson.core.JsonParser._constructReadException(JsonParser.java:2643) ~[jackson-core-2.17.1.jar:2.17.1]
	at com.fasterxml.jackson.core.base.ParserBase._throwUnquotedSpace(ParserBase.java:1406) ~[jackson-core-2.17.1.jar:2.17.1]
	at com.fasterxml.jackson.core.json.ReaderBasedJsonParser._parseName2(ReaderBasedJsonParser.java:1866) ~[jackson-core-2.17.1.jar:2.17.1]
	at com.fasterxml.jackson.core.json.ReaderBasedJsonParser._parseName(ReaderBasedJsonParser.java:1833) ~[jackson-core-2.17.1.jar:2.17.1]
	at com.fasterxml.jackson.core.json.ReaderBasedJsonParser.nextFieldName(ReaderBasedJsonParser.java:940) ~[jackson-core-2.17.1.jar:2.17.1]
	at com.fasterxml.jackson.databind.deser.std.UntypedObjectDeserializerNR._deserializeNR(UntypedObjectDeserializerNR.java:224) ~[jackson-databind-2.17.1.jar:2.17.1]
	at com.fasterxml.jackson.databind.deser.std.UntypedObjectDeserializerNR.deserialize(UntypedObjectDeserializerNR.java:70) ~[jackson-databind-2.17.1.jar:2.17.1]
	at com.fasterxml.jackson.databind.deser.DefaultDeserializationContext.readRootValue(DefaultDeserializationContext.java:342) ~[jackson-databind-2.17.1.jar:2.17.1]
	at com.fasterxml.jackson.databind.ObjectMapper._readMapAndClose(ObjectMapper.java:4905) ~[jackson-databind-2.17.1.jar:2.17.1]
	at com.fasterxml.jackson.databind.ObjectMapper.readValue(ObjectMapper.java:3861) ~[jackson-databind-2.17.1.jar:2.17.1]
	at io.jsonwebtoken.jackson.io.JacksonDeserializer.doDeserialize(JacksonDeserializer.java:138) ~[jjwt-jackson-0.12.5.jar:0.12.5]
	at io.jsonwebtoken.io.AbstractDeserializer.deserialize(AbstractDeserializer.java:66) ~[jjwt-api-0.12.5.jar:0.12.5]
	at io.jsonwebtoken.impl.io.JsonObjectDeserializer.apply(JsonObjectDeserializer.java:52) ~[jjwt-impl-0.12.5.jar:0.12.5]
	... 112 more
2024-07-25 17:42:59 DEBUG  Exit: com.orioninc.ProjectRestaurants.auth.webtoken.JwtService.extractUsername() with result = admin1
2024-07-25 17:42:59 DEBUG  Exit: com.orioninc.ProjectRestaurants.repository.UserRepository.findByUsername() with result = Optional[com.orioninc.ProjectRestaurants.model.User@11caa0bc]
2024-07-25 17:42:59 DEBUG admin1 Exit: com.orioninc.ProjectRestaurants.auth.MyUserDetailsService.loadUserByUsername() with result = com.orioninc.ProjectRestaurants.auth.MyUserDetails@1a1b18ab
2024-07-25 17:42:59 DEBUG admin1 Exit: com.orioninc.ProjectRestaurants.auth.webtoken.JwtService.isTokenValid() with result = true
2024-07-25 17:42:59 DEBUG admin1 Exit: com.orioninc.ProjectRestaurants.DTO.product.ProductResponseDTOMapper.apply() with result = ProductDTO[id=6, productName=Salt, productPrice=1.0, productBalance=5.0, restaurant=2, productMinimumBalance=2.0, productExpirable=0]
2024-07-25 17:42:59 DEBUG admin1 Exit: com.orioninc.ProjectRestaurants.DTO.product.ProductResponseDTOMapper.apply() with result = ProductDTO[id=9, productName=Pepper, productPrice=12.0, productBalance=5.0, restaurant=2, productMinimumBalance=2.0, productExpirable=0]
2024-07-25 17:42:59 DEBUG admin1 Exit: com.orioninc.ProjectRestaurants.DTO.product.ProductResponseDTOMapper.apply() with result = ProductDTO[id=20, productName=Sugar, productPrice=1.0, productBalance=5.0, restaurant=2, productMinimumBalance=2.0, productExpirable=0]
2024-07-25 17:42:59 DEBUG admin1 Exit: com.orioninc.ProjectRestaurants.DTO.product.ProductResponseDTOMapper.apply() with result = ProductDTO[id=34, productName=Garlic, productPrice=4.0, productBalance=5.0, restaurant=2, productMinimumBalance=2.0, productExpirable=7]
2024-07-25 17:42:59 DEBUG admin1 Exit: com.orioninc.ProjectRestaurants.DTO.product.ProductResponseDTOMapper.apply() with result = ProductDTO[id=41, productName=Butter, productPrice=1.0, productBalance=5.0, restaurant=2, productMinimumBalance=2.0, productExpirable=7]
2024-07-25 17:42:59 DEBUG admin1 Exit: com.orioninc.ProjectRestaurants.DTO.product.ProductResponseDTOMapper.apply() with result = ProductDTO[id=45, productName=Macaroni, productPrice=2.0, productBalance=5.0, restaurant=2, productMinimumBalance=2.0, productExpirable=0]
2024-07-25 17:42:59 DEBUG admin1 Exit: com.orioninc.ProjectRestaurants.DTO.product.ProductResponseDTOMapper.apply() with result = ProductDTO[id=46, productName=Cheddar Cheese, productPrice=12.27, productBalance=5.0, restaurant=2, productMinimumBalance=2.0, productExpirable=7]
2024-07-25 17:42:59 DEBUG admin1 Exit: com.orioninc.ProjectRestaurants.DTO.product.ProductResponseDTOMapper.apply() with result = ProductDTO[id=47, productName=Evaporated Milk, productPrice=12.0, productBalance=5.0, restaurant=2, productMinimumBalance=2.0, productExpirable=7]
2024-07-25 17:42:59 DEBUG admin1 Exit: com.orioninc.ProjectRestaurants.DTO.product.ProductResponseDTOMapper.apply() with result = ProductDTO[id=48, productName=Condensed Cheddar Cheese Soup, productPrice=21.0, productBalance=5.0, restaurant=2, productMinimumBalance=2.0, productExpirable=7]
2024-07-25 17:42:59 DEBUG admin1 Exit: com.orioninc.ProjectRestaurants.DTO.product.ProductResponseDTOMapper.apply() with result = ProductDTO[id=49, productName=Milk, productPrice=1.0, productBalance=5.0, restaurant=2, productMinimumBalance=2.0, productExpirable=7]
2024-07-25 17:42:59 DEBUG admin1 Exit: com.orioninc.ProjectRestaurants.DTO.product.ProductResponseDTOMapper.apply() with result = ProductDTO[id=50, productName=Eggs, productPrice=2.0, productBalance=5.0, restaurant=2, productMinimumBalance=2.0, productExpirable=7]
2024-07-25 17:42:59 DEBUG admin1 Exit: com.orioninc.ProjectRestaurants.DTO.product.ProductResponseDTOMapper.apply() with result = ProductDTO[id=51, productName=Paprika, productPrice=17.0, productBalance=5.0, restaurant=2, productMinimumBalance=2.0, productExpirable=7]
2024-07-25 17:42:59 DEBUG admin1 Exit: com.orioninc.ProjectRestaurants.DTO.product.ProductResponseDTOMapper.apply() with result = ProductDTO[id=52, productName=Gratin Potatoes, productPrice=8.0, productBalance=5.0, restaurant=2, productMinimumBalance=2.0, productExpirable=7]
2024-07-25 17:42:59 DEBUG admin1 Exit: com.orioninc.ProjectRestaurants.DTO.product.ProductResponseDTOMapper.apply() with result = ProductDTO[id=54, productName=Water, productPrice=1.0, productBalance=5.0, restaurant=2, productMinimumBalance=2.0, productExpirable=0]
2024-07-25 17:42:59 DEBUG admin1 Exit: com.orioninc.ProjectRestaurants.DTO.product.ProductResponseDTOMapper.apply() with result = ProductDTO[id=56, productName=Peas, productPrice=5.0, productBalance=5.0, restaurant=2, productMinimumBalance=2.0, productExpirable=0]
2024-07-25 17:42:59 DEBUG admin1 Exit: com.orioninc.ProjectRestaurants.DTO.product.ProductResponseDTOMapper.apply() with result = ProductDTO[id=57, productName=Carrots, productPrice=1.5, productBalance=5.0, restaurant=2, productMinimumBalance=2.0, productExpirable=7]
2024-07-25 17:42:59 DEBUG admin1 Exit: com.orioninc.ProjectRestaurants.DTO.product.ProductResponseDTOMapper.apply() with result = ProductDTO[id=58, productName=Ham, productPrice=8.0, productBalance=5.0, restaurant=2, productMinimumBalance=2.0, productExpirable=7]
2024-07-25 17:42:59 DEBUG admin1 Exit: com.orioninc.ProjectRestaurants.DTO.product.ProductResponseDTOMapper.apply() with result = ProductDTO[id=59, productName=Condensed Cream Of Chicken Soup, productPrice=27.0, productBalance=5.0, restaurant=2, productMinimumBalance=2.0, productExpirable=7]
2024-07-25 17:42:59 DEBUG admin1 Exit: com.orioninc.ProjectRestaurants.DTO.product.ProductResponseDTOMapper.apply() with result = ProductDTO[id=60, productName=Mushroom Stems, productPrice=4.0, productBalance=5.0, restaurant=2, productMinimumBalance=2.0, productExpirable=7]
2024-07-25 17:42:59 DEBUG admin1 Exit: com.orioninc.ProjectRestaurants.DTO.product.ProductResponseDTOMapper.apply() with result = ProductDTO[id=61, productName=Sour Cream, productPrice=4.0, productBalance=5.0, restaurant=2, productMinimumBalance=2.0, productExpirable=7]
2024-07-25 17:42:59 DEBUG admin1 Exit: com.orioninc.ProjectRestaurants.DTO.product.ProductResponseDTOMapper.apply() with result = ProductDTO[id=62, productName=Pimientos, productPrice=1.5, productBalance=5.0, restaurant=2, productMinimumBalance=2.0, productExpirable=7]
2024-07-25 17:42:59 DEBUG admin1 Exit: com.orioninc.ProjectRestaurants.DTO.product.ProductResponseDTOMapper.apply() with result = ProductDTO[id=63, productName=Flour, productPrice=3.0, productBalance=5.0, restaurant=2, productMinimumBalance=2.0, productExpirable=0]
2024-07-25 17:42:59 DEBUG admin1 Exit: com.orioninc.ProjectRestaurants.DTO.product.ProductResponseDTOMapper.apply() with result = ProductDTO[id=64, productName=Tomato Juice, productPrice=3.0, productBalance=5.0, restaurant=2, productMinimumBalance=2.0, productExpirable=7]
2024-07-25 17:42:59 DEBUG admin1 Exit: com.orioninc.ProjectRestaurants.DTO.product.ProductResponseDTOMapper.apply() with result = ProductDTO[id=65, productName=Wide Egg Noodles, productPrice=6.0, productBalance=5.0, restaurant=2, productMinimumBalance=2.0, productExpirable=0]
2024-07-25 17:42:59 DEBUG admin1 Exit: com.orioninc.ProjectRestaurants.DTO.product.ProductResponseDTOMapper.apply() with result = ProductDTO[id=88, productName=Parsley, productPrice=3.0, productBalance=5.0, restaurant=2, productMinimumBalance=2.0, productExpirable=7]
2024-07-25 17:42:59 DEBUG admin1 Exit: com.orioninc.ProjectRestaurants.DTO.product.ProductResponseDTOMapper.apply() with result = ProductDTO[id=93, productName=Cow Meat, productPrice=20.0, productBalance=7.0, restaurant=2, productMinimumBalance=7.0, productExpirable=7]
2024-07-25 17:42:59 DEBUG admin1 Exit: com.orioninc.ProjectRestaurants.DTO.product.ProductResponseDTOMapper.apply() with result = ProductDTO[id=95, productName=Cow Meat3, productPrice=20.0, productBalance=7.0, restaurant=2, productMinimumBalance=7.0, productExpirable=7]
2024-07-25 17:42:59 DEBUG admin1 Exit: com.orioninc.ProjectRestaurants.DTO.product.ProductResponseDTOMapper.apply() with result = ProductDTO[id=96, productName=Cow Meat4, productPrice=20.0, productBalance=14.0, restaurant=2, productMinimumBalance=7.0, productExpirable=7]
2024-07-25 17:42:59 DEBUG admin1 Exit: com.orioninc.ProjectRestaurants.service.implementation.ProductServiceImpl.getAllProductByRestaurant() with result = [ProductDTO[id=6, productName=Salt, productPrice=1.0, productBalance=5.0, restaurant=2, productMinimumBalance=2.0, productExpirable=0], ProductDTO[id=9, productName=Pepper, productPrice=12.0, productBalance=5.0, restaurant=2, productMinimumBalance=2.0, productExpirable=0], ProductDTO[id=20, productName=Sugar, productPrice=1.0, productBalance=5.0, restaurant=2, productMinimumBalance=2.0, productExpirable=0], ProductDTO[id=34, productName=Garlic, productPrice=4.0, productBalance=5.0, restaurant=2, productMinimumBalance=2.0, productExpirable=7], ProductDTO[id=41, productName=Butter, productPrice=1.0, productBalance=5.0, restaurant=2, productMinimumBalance=2.0, productExpirable=7], ProductDTO[id=45, productName=Macaroni, productPrice=2.0, productBalance=5.0, restaurant=2, productMinimumBalance=2.0, productExpirable=0], ProductDTO[id=46, productName=Cheddar Cheese, productPrice=12.27, productBalance=5.0, restaurant=2, productMinimumBalance=2.0, productExpirable=7], ProductDTO[id=47, productName=Evaporated Milk, productPrice=12.0, productBalance=5.0, restaurant=2, productMinimumBalance=2.0, productExpirable=7], ProductDTO[id=48, productName=Condensed Cheddar Cheese Soup, productPrice=21.0, productBalance=5.0, restaurant=2, productMinimumBalance=2.0, productExpirable=7], ProductDTO[id=49, productName=Milk, productPrice=1.0, productBalance=5.0, restaurant=2, productMinimumBalance=2.0, productExpirable=7], ProductDTO[id=50, productName=Eggs, productPrice=2.0, productBalance=5.0, restaurant=2, productMinimumBalance=2.0, productExpirable=7], ProductDTO[id=51, productName=Paprika, productPrice=17.0, productBalance=5.0, restaurant=2, productMinimumBalance=2.0, productExpirable=7], ProductDTO[id=52, productName=Gratin Potatoes, productPrice=8.0, productBalance=5.0, restaurant=2, productMinimumBalance=2.0, productExpirable=7], ProductDTO[id=54, productName=Water, productPrice=1.0, productBalance=5.0, restaurant=2, productMinimumBalance=2.0, productExpirable=0], ProductDTO[id=56, productName=Peas, productPrice=5.0, productBalance=5.0, restaurant=2, productMinimumBalance=2.0, productExpirable=0], ProductDTO[id=57, productName=Carrots, productPrice=1.5, productBalance=5.0, restaurant=2, productMinimumBalance=2.0, productExpirable=7], ProductDTO[id=58, productName=Ham, productPrice=8.0, productBalance=5.0, restaurant=2, productMinimumBalance=2.0, productExpirable=7], ProductDTO[id=59, productName=Condensed Cream Of Chicken Soup, productPrice=27.0, productBalance=5.0, restaurant=2, productMinimumBalance=2.0, productExpirable=7], ProductDTO[id=60, productName=Mushroom Stems, productPrice=4.0, productBalance=5.0, restaurant=2, productMinimumBalance=2.0, productExpirable=7], ProductDTO[id=61, productName=Sour Cream, productPrice=4.0, productBalance=5.0, restaurant=2, productMinimumBalance=2.0, productExpirable=7], ProductDTO[id=62, productName=Pimientos, productPrice=1.5, productBalance=5.0, restaurant=2, productMinimumBalance=2.0, productExpirable=7], ProductDTO[id=63, productName=Flour, productPrice=3.0, productBalance=5.0, restaurant=2, productMinimumBalance=2.0, productExpirable=0], ProductDTO[id=64, productName=Tomato Juice, productPrice=3.0, productBalance=5.0, restaurant=2, productMinimumBalance=2.0, productExpirable=7], ProductDTO[id=65, productName=Wide Egg Noodles, productPrice=6.0, productBalance=5.0, restaurant=2, productMinimumBalance=2.0, productExpirable=0], ProductDTO[id=88, productName=Parsley, productPrice=3.0, productBalance=5.0, restaurant=2, productMinimumBalance=2.0, productExpirable=7], ProductDTO[id=93, productName=Cow Meat, productPrice=20.0, productBalance=7.0, restaurant=2, productMinimumBalance=7.0, productExpirable=7], ProductDTO[id=95, productName=Cow Meat3, productPrice=20.0, productBalance=7.0, restaurant=2, productMinimumBalance=7.0, productExpirable=7], ProductDTO[id=96, productName=Cow Meat4, productPrice=20.0, productBalance=14.0, restaurant=2, productMinimumBalance=7.0, productExpirable=7]]
2024-07-25 17:45:07 INFO   Starting ProjectRestaurantsApplication using Java 21.0.3 with PID 14264 (C:\Users\vjelis\IdeaProjects\ProjectRestaurants\build\classes\java\main started by vjelis in C:\Users\vjelis\IdeaProjects\ProjectRestaurants)
2024-07-25 17:45:07 DEBUG  Running with Spring Boot v3.3.0, Spring v6.1.8
2024-07-25 17:45:07 INFO   No active profile set, falling back to 1 default profile: "default"
2024-07-25 17:45:08 INFO   Bootstrapping Spring Data JPA repositories in DEFAULT mode.
2024-07-25 17:45:09 INFO   Finished Spring Data repository scanning in 260 ms. Found 9 JPA repository interfaces.
2024-07-25 17:45:10 INFO   Tomcat initialized with port 8080 (http)
2024-07-25 17:45:10 INFO   Initializing ProtocolHandler ["http-nio-8080"]
2024-07-25 17:45:10 INFO   Starting service [Tomcat]
2024-07-25 17:45:10 INFO   Starting Servlet engine: [Apache Tomcat/10.1.24]
2024-07-25 17:45:10 INFO   Initializing Spring embedded WebApplicationContext
2024-07-25 17:45:10 INFO   Root WebApplicationContext: initialization completed in 3584 ms
2024-07-25 17:45:11 INFO   HikariPool-1 - Starting...
2024-07-25 17:45:12 INFO   HikariPool-1 - Added connection com.mysql.cj.jdbc.ConnectionImpl@4d79d187
2024-07-25 17:45:12 INFO   HikariPool-1 - Start completed.
2024-07-25 17:45:13 INFO   Reading from restaurant_db.databasechangelog
2024-07-25 17:45:13 INFO   Database is up to date, no changesets to execute
2024-07-25 17:45:13 INFO   Reading from restaurant_db.databasechangelog
2024-07-25 17:45:13 INFO   UPDATE SUMMARY
2024-07-25 17:45:13 INFO   Run:                          0
2024-07-25 17:45:13 INFO   Previously run:              45
2024-07-25 17:45:13 INFO   Filtered out:                 0
2024-07-25 17:45:13 INFO   -------------------------------
2024-07-25 17:45:13 INFO   Total change sets:           45
2024-07-25 17:45:13 INFO   Update summary generated
2024-07-25 17:45:13 INFO   Successfully released change log lock
2024-07-25 17:45:13 INFO   Command execution complete
2024-07-25 17:45:15 INFO   No LoadTimeWeaver setup: ignoring JPA class transformer
2024-07-25 17:45:17 INFO   Initialized JPA EntityManagerFactory for persistence unit 'default'
2024-07-25 17:45:17 DEBUG  Filter 'jwtAuthenticationFilter' configured for use
2024-07-25 17:45:18 INFO   Hibernate is in classpath; If applicable, HQL parser will be used.
2024-07-25 17:45:19 WARN   spring.jpa.open-in-view is enabled by default. Therefore, database queries may be performed during view rendering. Explicitly configure spring.jpa.open-in-view to disable this warning
2024-07-25 17:45:19 INFO   Global AuthenticationManager configured with AuthenticationProvider bean with name authenticationProvider
2024-07-25 17:45:19 WARN   Global AuthenticationManager configured with an AuthenticationProvider bean. UserDetailsService beans will not be used for username/password login. Consider removing the AuthenticationProvider bean. Alternatively, consider using the UserDetailsService in a manually instantiated DaoAuthenticationProvider.
2024-07-25 17:45:21 INFO   Exposing 3 endpoints beneath base path '/actuator'
2024-07-25 17:45:21 INFO   Will secure any request with [org.springframework.security.web.session.DisableEncodeUrlFilter@2de0f3e3, org.springframework.security.web.context.request.async.WebAsyncManagerIntegrationFilter@21838ea3, org.springframework.security.web.context.SecurityContextHolderFilter@5ff9bed6, org.springframework.security.web.header.HeaderWriterFilter@6dd65379, org.springframework.web.filter.CorsFilter@2f6acdcc, org.springframework.security.web.authentication.logout.LogoutFilter@4080ea09, com.orioninc.ProjectRestaurants.auth.webtoken.JwtAuthenticationFilter$$SpringCGLIB$$0@5e388a77, org.springframework.security.web.authentication.UsernamePasswordAuthenticationFilter@1bed8afd, org.springframework.security.web.authentication.ui.DefaultLoginPageGeneratingFilter@379bc95e, org.springframework.security.web.authentication.ui.DefaultLogoutPageGeneratingFilter@49f4de0e, org.springframework.security.web.authentication.www.BasicAuthenticationFilter@291a8ecd, org.springframework.security.web.savedrequest.RequestCacheAwareFilter@77644bb, org.springframework.security.web.servletapi.SecurityContextHolderAwareRequestFilter@1e1424e9, org.springframework.security.web.authentication.AnonymousAuthenticationFilter@63214338, org.springframework.security.web.access.ExceptionTranslationFilter@2c271689, org.springframework.security.web.access.intercept.AuthorizationFilter@51ce22e3]
2024-07-25 17:45:22 INFO   Starting ProtocolHandler ["http-nio-8080"]
2024-07-25 17:45:22 INFO   Tomcat started on port 8080 (http) with context path '/'
2024-07-25 17:45:22 INFO   Started ProjectRestaurantsApplication in 15.994 seconds (process running for 17.348)
2024-07-25 17:45:24 INFO   Initializing Spring DispatcherServlet 'dispatcherServlet'
2024-07-25 17:45:24 INFO   Initializing Servlet 'dispatcherServlet'
2024-07-25 17:45:24 INFO   Completed initialization in 1 ms
2024-07-25 17:45:24 ERROR  Exception in com.orioninc.ProjectRestaurants.auth.webtoken.JwtService.extractUsername() with cause = NULL
2024-07-25 17:45:24 ERROR  Servlet.service() for servlet [dispatcherServlet] in context with path [] threw exception
io.jsonwebtoken.ExpiredJwtException: JWT expired 395660 milliseconds ago at 2024-07-25T14:38:49.000Z. Current time: 2024-07-25T14:45:24.660Z. Allowed clock skew: 0 milliseconds.
	at io.jsonwebtoken.impl.DefaultJwtParser.parse(DefaultJwtParser.java:682) ~[jjwt-impl-0.12.5.jar:0.12.5]
	at io.jsonwebtoken.impl.DefaultJwtParser.parse(DefaultJwtParser.java:362) ~[jjwt-impl-0.12.5.jar:0.12.5]
	at io.jsonwebtoken.impl.DefaultJwtParser.parse(DefaultJwtParser.java:94) ~[jjwt-impl-0.12.5.jar:0.12.5]
	at io.jsonwebtoken.impl.io.AbstractParser.parse(AbstractParser.java:36) ~[jjwt-impl-0.12.5.jar:0.12.5]
	at io.jsonwebtoken.impl.io.AbstractParser.parse(AbstractParser.java:29) ~[jjwt-impl-0.12.5.jar:0.12.5]
	at io.jsonwebtoken.impl.DefaultJwtParser.parseSignedClaims(DefaultJwtParser.java:821) ~[jjwt-impl-0.12.5.jar:0.12.5]
	at com.orioninc.ProjectRestaurants.auth.webtoken.JwtService.getClaims(JwtService.java:59) ~[main/:?]
	at com.orioninc.ProjectRestaurants.auth.webtoken.JwtService.extractUsername(JwtService.java:54) ~[main/:?]
	at java.base/jdk.internal.reflect.DirectMethodHandleAccessor.invoke(DirectMethodHandleAccessor.java:103) ~[?:?]
	at java.base/java.lang.reflect.Method.invoke(Method.java:580) ~[?:?]
	at org.springframework.aop.support.AopUtils.invokeJoinpointUsingReflection(AopUtils.java:354) ~[spring-aop-6.1.8.jar:6.1.8]
	at org.springframework.aop.framework.ReflectiveMethodInvocation.invokeJoinpoint(ReflectiveMethodInvocation.java:196) ~[spring-aop-6.1.8.jar:6.1.8]
	at org.springframework.aop.framework.ReflectiveMethodInvocation.proceed(ReflectiveMethodInvocation.java:163) ~[spring-aop-6.1.8.jar:6.1.8]
	at org.springframework.aop.framework.CglibAopProxy$CglibMethodInvocation.proceed(CglibAopProxy.java:768) ~[spring-aop-6.1.8.jar:6.1.8]
	at org.springframework.aop.aspectj.AspectJAfterThrowingAdvice.invoke(AspectJAfterThrowingAdvice.java:64) ~[spring-aop-6.1.8.jar:6.1.8]
	at org.springframework.aop.framework.ReflectiveMethodInvocation.proceed(ReflectiveMethodInvocation.java:184) ~[spring-aop-6.1.8.jar:6.1.8]
	at org.springframework.aop.framework.CglibAopProxy$CglibMethodInvocation.proceed(CglibAopProxy.java:768) ~[spring-aop-6.1.8.jar:6.1.8]
	at org.springframework.aop.aspectj.MethodInvocationProceedingJoinPoint.proceed(MethodInvocationProceedingJoinPoint.java:89) ~[spring-aop-6.1.8.jar:6.1.8]
	at com.orioninc.ProjectRestaurants.aspect.LoggingAdvice.logAround(LoggingAdvice.java:76) ~[main/:?]
	at java.base/jdk.internal.reflect.DirectMethodHandleAccessor.invoke(DirectMethodHandleAccessor.java:103) ~[?:?]
	at java.base/java.lang.reflect.Method.invoke(Method.java:580) ~[?:?]
	at org.springframework.aop.aspectj.AbstractAspectJAdvice.invokeAdviceMethodWithGivenArgs(AbstractAspectJAdvice.java:637) ~[spring-aop-6.1.8.jar:6.1.8]
	at org.springframework.aop.aspectj.AbstractAspectJAdvice.invokeAdviceMethod(AbstractAspectJAdvice.java:627) ~[spring-aop-6.1.8.jar:6.1.8]
	at org.springframework.aop.aspectj.AspectJAroundAdvice.invoke(AspectJAroundAdvice.java:71) ~[spring-aop-6.1.8.jar:6.1.8]
	at org.springframework.aop.framework.ReflectiveMethodInvocation.proceed(ReflectiveMethodInvocation.java:184) ~[spring-aop-6.1.8.jar:6.1.8]
	at org.springframework.aop.framework.CglibAopProxy$CglibMethodInvocation.proceed(CglibAopProxy.java:768) ~[spring-aop-6.1.8.jar:6.1.8]
	at org.springframework.aop.interceptor.ExposeInvocationInterceptor.invoke(ExposeInvocationInterceptor.java:97) ~[spring-aop-6.1.8.jar:6.1.8]
	at org.springframework.aop.framework.ReflectiveMethodInvocation.proceed(ReflectiveMethodInvocation.java:184) ~[spring-aop-6.1.8.jar:6.1.8]
	at org.springframework.aop.framework.CglibAopProxy$CglibMethodInvocation.proceed(CglibAopProxy.java:768) ~[spring-aop-6.1.8.jar:6.1.8]
	at org.springframework.aop.framework.CglibAopProxy$DynamicAdvisedInterceptor.intercept(CglibAopProxy.java:720) ~[spring-aop-6.1.8.jar:6.1.8]
	at com.orioninc.ProjectRestaurants.auth.webtoken.JwtService$$SpringCGLIB$$0.extractUsername(<generated>) ~[main/:?]
	at com.orioninc.ProjectRestaurants.auth.webtoken.JwtAuthenticationFilter.doFilterInternal(JwtAuthenticationFilter.java:41) ~[main/:?]
	at org.springframework.web.filter.OncePerRequestFilter.doFilter(OncePerRequestFilter.java:116) ~[spring-web-6.1.8.jar:6.1.8]
	at org.springframework.security.web.ObservationFilterChainDecorator$ObservationFilter.wrapFilter(ObservationFilterChainDecorator.java:240) ~[spring-security-web-6.3.0.jar:6.3.0]
	at org.springframework.security.web.ObservationFilterChainDecorator$ObservationFilter.doFilter(ObservationFilterChainDecorator.java:227) ~[spring-security-web-6.3.0.jar:6.3.0]
	at org.springframework.security.web.ObservationFilterChainDecorator$VirtualFilterChain.doFilter(ObservationFilterChainDecorator.java:137) ~[spring-security-web-6.3.0.jar:6.3.0]
	at org.springframework.security.web.authentication.logout.LogoutFilter.doFilter(LogoutFilter.java:107) ~[spring-security-web-6.3.0.jar:6.3.0]
	at org.springframework.security.web.authentication.logout.LogoutFilter.doFilter(LogoutFilter.java:93) ~[spring-security-web-6.3.0.jar:6.3.0]
	at org.springframework.security.web.ObservationFilterChainDecorator$ObservationFilter.wrapFilter(ObservationFilterChainDecorator.java:240) ~[spring-security-web-6.3.0.jar:6.3.0]
	at org.springframework.security.web.ObservationFilterChainDecorator$ObservationFilter.doFilter(ObservationFilterChainDecorator.java:227) ~[spring-security-web-6.3.0.jar:6.3.0]
	at org.springframework.security.web.ObservationFilterChainDecorator$VirtualFilterChain.doFilter(ObservationFilterChainDecorator.java:137) ~[spring-security-web-6.3.0.jar:6.3.0]
	at org.springframework.web.filter.CorsFilter.doFilterInternal(CorsFilter.java:91) ~[spring-web-6.1.8.jar:6.1.8]
	at org.springframework.web.filter.OncePerRequestFilter.doFilter(OncePerRequestFilter.java:116) ~[spring-web-6.1.8.jar:6.1.8]
	at org.springframework.security.web.ObservationFilterChainDecorator$ObservationFilter.wrapFilter(ObservationFilterChainDecorator.java:240) ~[spring-security-web-6.3.0.jar:6.3.0]
	at org.springframework.security.web.ObservationFilterChainDecorator$ObservationFilter.doFilter(ObservationFilterChainDecorator.java:227) ~[spring-security-web-6.3.0.jar:6.3.0]
	at org.springframework.security.web.ObservationFilterChainDecorator$VirtualFilterChain.doFilter(ObservationFilterChainDecorator.java:137) ~[spring-security-web-6.3.0.jar:6.3.0]
	at org.springframework.security.web.header.HeaderWriterFilter.doHeadersAfter(HeaderWriterFilter.java:90) ~[spring-security-web-6.3.0.jar:6.3.0]
	at org.springframework.security.web.header.HeaderWriterFilter.doFilterInternal(HeaderWriterFilter.java:75) ~[spring-security-web-6.3.0.jar:6.3.0]
	at org.springframework.web.filter.OncePerRequestFilter.doFilter(OncePerRequestFilter.java:116) ~[spring-web-6.1.8.jar:6.1.8]
	at org.springframework.security.web.ObservationFilterChainDecorator$ObservationFilter.wrapFilter(ObservationFilterChainDecorator.java:240) ~[spring-security-web-6.3.0.jar:6.3.0]
	at org.springframework.security.web.ObservationFilterChainDecorator$ObservationFilter.doFilter(ObservationFilterChainDecorator.java:227) ~[spring-security-web-6.3.0.jar:6.3.0]
	at org.springframework.security.web.ObservationFilterChainDecorator$VirtualFilterChain.doFilter(ObservationFilterChainDecorator.java:137) ~[spring-security-web-6.3.0.jar:6.3.0]
	at org.springframework.security.web.context.SecurityContextHolderFilter.doFilter(SecurityContextHolderFilter.java:82) ~[spring-security-web-6.3.0.jar:6.3.0]
	at org.springframework.security.web.context.SecurityContextHolderFilter.doFilter(SecurityContextHolderFilter.java:69) ~[spring-security-web-6.3.0.jar:6.3.0]
	at org.springframework.security.web.ObservationFilterChainDecorator$ObservationFilter.wrapFilter(ObservationFilterChainDecorator.java:240) ~[spring-security-web-6.3.0.jar:6.3.0]
	at org.springframework.security.web.ObservationFilterChainDecorator$ObservationFilter.doFilter(ObservationFilterChainDecorator.java:227) ~[spring-security-web-6.3.0.jar:6.3.0]
	at org.springframework.security.web.ObservationFilterChainDecorator$VirtualFilterChain.doFilter(ObservationFilterChainDecorator.java:137) ~[spring-security-web-6.3.0.jar:6.3.0]
	at org.springframework.security.web.context.request.async.WebAsyncManagerIntegrationFilter.doFilterInternal(WebAsyncManagerIntegrationFilter.java:62) ~[spring-security-web-6.3.0.jar:6.3.0]
	at org.springframework.web.filter.OncePerRequestFilter.doFilter(OncePerRequestFilter.java:116) ~[spring-web-6.1.8.jar:6.1.8]
	at org.springframework.security.web.ObservationFilterChainDecorator$ObservationFilter.wrapFilter(ObservationFilterChainDecorator.java:240) ~[spring-security-web-6.3.0.jar:6.3.0]
	at org.springframework.security.web.ObservationFilterChainDecorator$ObservationFilter.doFilter(ObservationFilterChainDecorator.java:227) ~[spring-security-web-6.3.0.jar:6.3.0]
	at org.springframework.security.web.ObservationFilterChainDecorator$VirtualFilterChain.doFilter(ObservationFilterChainDecorator.java:137) ~[spring-security-web-6.3.0.jar:6.3.0]
	at org.springframework.security.web.session.DisableEncodeUrlFilter.doFilterInternal(DisableEncodeUrlFilter.java:42) ~[spring-security-web-6.3.0.jar:6.3.0]
	at org.springframework.web.filter.OncePerRequestFilter.doFilter(OncePerRequestFilter.java:116) ~[spring-web-6.1.8.jar:6.1.8]
	at org.springframework.security.web.ObservationFilterChainDecorator$ObservationFilter.wrapFilter(ObservationFilterChainDecorator.java:240) ~[spring-security-web-6.3.0.jar:6.3.0]
	at org.springframework.security.web.ObservationFilterChainDecorator$AroundFilterObservation$SimpleAroundFilterObservation.lambda$wrap$0(ObservationFilterChainDecorator.java:323) ~[spring-security-web-6.3.0.jar:6.3.0]
	at org.springframework.security.web.ObservationFilterChainDecorator$ObservationFilter.doFilter(ObservationFilterChainDecorator.java:224) ~[spring-security-web-6.3.0.jar:6.3.0]
	at org.springframework.security.web.ObservationFilterChainDecorator$VirtualFilterChain.doFilter(ObservationFilterChainDecorator.java:137) ~[spring-security-web-6.3.0.jar:6.3.0]
	at org.springframework.security.web.FilterChainProxy.doFilterInternal(FilterChainProxy.java:233) ~[spring-security-web-6.3.0.jar:6.3.0]
	at org.springframework.security.web.FilterChainProxy.doFilter(FilterChainProxy.java:191) ~[spring-security-web-6.3.0.jar:6.3.0]
	at org.springframework.web.filter.CompositeFilter$VirtualFilterChain.doFilter(CompositeFilter.java:113) ~[spring-web-6.1.8.jar:6.1.8]
	at org.springframework.web.servlet.handler.HandlerMappingIntrospector.lambda$createCacheFilter$3(HandlerMappingIntrospector.java:195) ~[spring-webmvc-6.1.8.jar:6.1.8]
	at org.springframework.web.filter.CompositeFilter$VirtualFilterChain.doFilter(CompositeFilter.java:113) ~[spring-web-6.1.8.jar:6.1.8]
	at org.springframework.web.filter.CompositeFilter.doFilter(CompositeFilter.java:74) ~[spring-web-6.1.8.jar:6.1.8]
	at org.springframework.security.config.annotation.web.configuration.WebMvcSecurityConfiguration$CompositeFilterChainProxy.doFilter(WebMvcSecurityConfiguration.java:230) ~[spring-security-config-6.3.0.jar:6.3.0]
	at org.springframework.web.filter.DelegatingFilterProxy.invokeDelegate(DelegatingFilterProxy.java:352) ~[spring-web-6.1.8.jar:6.1.8]
	at org.springframework.web.filter.DelegatingFilterProxy.doFilter(DelegatingFilterProxy.java:268) ~[spring-web-6.1.8.jar:6.1.8]
	at org.apache.catalina.core.ApplicationFilterChain.internalDoFilter(ApplicationFilterChain.java:164) ~[tomcat-embed-core-10.1.24.jar:10.1.24]
	at org.apache.catalina.core.ApplicationFilterChain.doFilter(ApplicationFilterChain.java:140) ~[tomcat-embed-core-10.1.24.jar:10.1.24]
	at org.springframework.web.filter.RequestContextFilter.doFilterInternal(RequestContextFilter.java:100) ~[spring-web-6.1.8.jar:6.1.8]
	at org.springframework.web.filter.OncePerRequestFilter.doFilter(OncePerRequestFilter.java:116) ~[spring-web-6.1.8.jar:6.1.8]
	at org.apache.catalina.core.ApplicationFilterChain.internalDoFilter(ApplicationFilterChain.java:164) ~[tomcat-embed-core-10.1.24.jar:10.1.24]
	at org.apache.catalina.core.ApplicationFilterChain.doFilter(ApplicationFilterChain.java:140) ~[tomcat-embed-core-10.1.24.jar:10.1.24]
	at org.springframework.web.filter.FormContentFilter.doFilterInternal(FormContentFilter.java:93) ~[spring-web-6.1.8.jar:6.1.8]
	at org.springframework.web.filter.OncePerRequestFilter.doFilter(OncePerRequestFilter.java:116) ~[spring-web-6.1.8.jar:6.1.8]
	at org.apache.catalina.core.ApplicationFilterChain.internalDoFilter(ApplicationFilterChain.java:164) ~[tomcat-embed-core-10.1.24.jar:10.1.24]
	at org.apache.catalina.core.ApplicationFilterChain.doFilter(ApplicationFilterChain.java:140) ~[tomcat-embed-core-10.1.24.jar:10.1.24]
	at org.springframework.web.filter.ServerHttpObservationFilter.doFilterInternal(ServerHttpObservationFilter.java:109) ~[spring-web-6.1.8.jar:6.1.8]
	at org.springframework.web.filter.OncePerRequestFilter.doFilter(OncePerRequestFilter.java:116) ~[spring-web-6.1.8.jar:6.1.8]
	at org.apache.catalina.core.ApplicationFilterChain.internalDoFilter(ApplicationFilterChain.java:164) ~[tomcat-embed-core-10.1.24.jar:10.1.24]
	at org.apache.catalina.core.ApplicationFilterChain.doFilter(ApplicationFilterChain.java:140) ~[tomcat-embed-core-10.1.24.jar:10.1.24]
	at org.springframework.web.filter.CharacterEncodingFilter.doFilterInternal(CharacterEncodingFilter.java:201) ~[spring-web-6.1.8.jar:6.1.8]
	at org.springframework.web.filter.OncePerRequestFilter.doFilter(OncePerRequestFilter.java:116) ~[spring-web-6.1.8.jar:6.1.8]
	at org.apache.catalina.core.ApplicationFilterChain.internalDoFilter(ApplicationFilterChain.java:164) ~[tomcat-embed-core-10.1.24.jar:10.1.24]
	at org.apache.catalina.core.ApplicationFilterChain.doFilter(ApplicationFilterChain.java:140) ~[tomcat-embed-core-10.1.24.jar:10.1.24]
	at org.apache.catalina.core.StandardWrapperValve.invoke(StandardWrapperValve.java:167) ~[tomcat-embed-core-10.1.24.jar:10.1.24]
	at org.apache.catalina.core.StandardContextValve.invoke(StandardContextValve.java:90) ~[tomcat-embed-core-10.1.24.jar:10.1.24]
	at org.apache.catalina.authenticator.AuthenticatorBase.invoke(AuthenticatorBase.java:482) ~[tomcat-embed-core-10.1.24.jar:10.1.24]
	at org.apache.catalina.core.StandardHostValve.invoke(StandardHostValve.java:115) ~[tomcat-embed-core-10.1.24.jar:10.1.24]
	at org.apache.catalina.valves.ErrorReportValve.invoke(ErrorReportValve.java:93) ~[tomcat-embed-core-10.1.24.jar:10.1.24]
	at org.apache.catalina.core.StandardEngineValve.invoke(StandardEngineValve.java:74) ~[tomcat-embed-core-10.1.24.jar:10.1.24]
	at org.apache.catalina.connector.CoyoteAdapter.service(CoyoteAdapter.java:344) ~[tomcat-embed-core-10.1.24.jar:10.1.24]
	at org.apache.coyote.http11.Http11Processor.service(Http11Processor.java:389) ~[tomcat-embed-core-10.1.24.jar:10.1.24]
	at org.apache.coyote.AbstractProcessorLight.process(AbstractProcessorLight.java:63) ~[tomcat-embed-core-10.1.24.jar:10.1.24]
	at org.apache.coyote.AbstractProtocol$ConnectionHandler.process(AbstractProtocol.java:896) ~[tomcat-embed-core-10.1.24.jar:10.1.24]
	at org.apache.tomcat.util.net.NioEndpoint$SocketProcessor.doRun(NioEndpoint.java:1741) ~[tomcat-embed-core-10.1.24.jar:10.1.24]
	at org.apache.tomcat.util.net.SocketProcessorBase.run(SocketProcessorBase.java:52) ~[tomcat-embed-core-10.1.24.jar:10.1.24]
	at org.apache.tomcat.util.threads.ThreadPoolExecutor.runWorker(ThreadPoolExecutor.java:1190) ~[tomcat-embed-core-10.1.24.jar:10.1.24]
	at org.apache.tomcat.util.threads.ThreadPoolExecutor$Worker.run(ThreadPoolExecutor.java:659) ~[tomcat-embed-core-10.1.24.jar:10.1.24]
	at org.apache.tomcat.util.threads.TaskThread$WrappingRunnable.run(TaskThread.java:63) ~[tomcat-embed-core-10.1.24.jar:10.1.24]
	at java.base/java.lang.Thread.run(Thread.java:1583) [?:?]
